"Numero","Bloc","Sp","mod","gf","Group","Delta15N","AtomPer15N","N_amount","NperMS","Delta13C","AtomPer13C","C_amount","CperMS","Delta13C_cor","Type","APE15N","APE13C"
"1","A","N.s.","P","Grass","epi",44.17966667,0.38242414,1.242200802,11.29273456,-10.81562717,1.092427475,12.21319523,111.0290475,-9.751289089,"epi",35.3471766666669,142.155386666667
"1","A","N.s.","P","Grass","epi",44.17966667,0.38242414,1.242200802,11.29273456,-10.81562717,1.092427475,12.21319523,111.0290475,-9.751289089,"epi",35.3471766666669,142.155386666667
"1","A","N.s.","P","Grass","epi",44.17966667,0.38242414,1.242200802,11.29273456,-10.81562717,1.092427475,12.21319523,111.0290475,-9.751289089,"epi",35.3471766666669,142.155386666667
"2","A","F.o.","P","Grass","epi",72.46166667,0.392741562,1.22432796,8.162186402,-14.12135717,1.089113373,11.15926426,74.39509505,-13.2040223,"epi",138.521396666667,109.014366666667
"2","A","F.o.","P","Grass","epi",72.46166667,0.392741562,1.22432796,8.162186402,-14.12135717,1.089113373,11.15926426,74.39509505,-13.2040223,"epi",138.521396666667,109.014366666667
"2","A","F.o.","P","Grass","epi",72.46166667,0.392741562,1.22432796,8.162186402,-14.12135717,1.089113373,11.15926426,74.39509505,-13.2040223,"epi",138.521396666667,109.014366666667
"3","A","A.o.","P","Grass","epi",10.83866667,0.370258424,0.836376509,10.45470636,-25.75687217,1.077446624,8.779300998,109.7412625,-25.73249631,"epi",-86.3099833333336,-7.65312333333323
"3","A","A.o.","P","Grass","epi",10.83866667,0.370258424,0.836376509,10.45470636,-25.75687217,1.077446624,8.779300998,109.7412625,-25.73249631,"epi",-86.3099833333336,-7.65312333333323
"3","A","A.o.","P","Grass","epi",10.83866667,0.370258424,0.836376509,10.45470636,-25.75687217,1.077446624,8.779300998,109.7412625,-25.73249631,"epi",-86.3099833333336,-7.65312333333323
"4","A","D.g.","P","Grass","epi",35.81366667,0.37937177,4.470975034,12.41937509,-8.351058167,1.094898141,27.97056786,77.69602184,-7.831409349,"epi",4.8234766666666,166.862046666667
"4","A","D.g.","P","Grass","epi",35.81366667,0.37937177,4.470975034,12.41937509,-8.351058167,1.094898141,27.97056786,77.69602184,-7.831409349,"epi",4.8234766666666,166.862046666667
"4","A","D.g.","P","Grass","epi",35.81366667,0.37937177,4.470975034,12.41937509,-8.351058167,1.094898141,27.97056786,77.69602184,-7.831409349,"epi",4.8234766666666,166.862046666667
"5","A","H.l.","P","Grass","epi",27.48666667,0.376333443,1.171380489,8.367003491,-13.08927117,1.090148096,11.40840018,81.48857275,-12.11564811,"epi",-25.5597933333335,119.361596666667
"5","A","H.l.","P","Grass","epi",27.48666667,0.376333443,1.171380489,8.367003491,-13.08927117,1.090148096,11.40840018,81.48857275,-12.11564811,"epi",-25.5597933333335,119.361596666667
"5","A","H.l.","P","Grass","epi",27.48666667,0.376333443,1.171380489,8.367003491,-13.08927117,1.090148096,11.40840018,81.48857275,-12.11564811,"epi",-25.5597933333335,119.361596666667
"6","A","G.v.","P","Forb","epi",35.99766667,0.379438905,1.46374823,13.30680209,-22.27003617,1.080943109,12.60632356,114.6029415,-22.01729271,"epi",5.49482666666656,27.3117266666656
"6","A","G.v.","P","Forb","epi",35.99766667,0.379438905,1.46374823,13.30680209,-22.27003617,1.080943109,12.60632356,114.6029415,-22.01729271,"epi",5.49482666666656,27.3117266666656
"6","A","G.v.","P","Forb","epi",35.99766667,0.379438905,1.46374823,13.30680209,-22.27003617,1.080943109,12.60632356,114.6029415,-22.01729271,"epi",5.49482666666656,27.3117266666656
"7","A","C.r.","P","Forb","epi",10.42766667,0.370108436,1.827222849,36.54445698,-16.56847017,1.086659919,10.1168952,202.3379039,-15.758627,"epi",-87.8098633333335,84.4798266666658
"7","A","C.r.","P","Forb","epi",10.42766667,0.370108436,1.827222849,36.54445698,-16.56847017,1.086659919,10.1168952,202.3379039,-15.758627,"epi",-87.8098633333335,84.4798266666658
"7","A","C.r.","P","Forb","epi",10.42766667,0.370108436,1.827222849,36.54445698,-16.56847017,1.086659919,10.1168952,202.3379039,-15.758627,"epi",-87.8098633333335,84.4798266666658
"8","A","P.l.","P","Forb","epi",44.96666667,0.382711271,2.144865606,11.28876635,-12.03100117,1.091209048,18.3769501,96.72079002,-11.39521401,"epi",38.2184866666668,129.971116666667
"8","A","P.l.","P","Forb","epi",44.96666667,0.382711271,2.144865606,11.28876635,-12.03100117,1.091209048,18.3769501,96.72079002,-11.39521401,"epi",38.2184866666668,129.971116666667
"8","A","P.l.","P","Forb","epi",44.96666667,0.382711271,2.144865606,11.28876635,-12.03100117,1.091209048,18.3769501,96.72079002,-11.39521401,"epi",38.2184866666668,129.971116666667
"9","A","C.n.","P","Forb","epi",26.46,0.375958824,0.545171883,13.62929707,-23.67633517,1.079532948,11.17306985,279.3267464,-23.49712767,"epi",-29.3059833333331,13.2101166666665
"9","A","C.n.","P","Forb","epi",26.46,0.375958824,0.545171883,13.62929707,-23.67633517,1.079532948,11.17306985,279.3267464,-23.49712767,"epi",-29.3059833333331,13.2101166666665
"9","A","C.n.","P","Forb","epi",26.46,0.375958824,0.545171883,13.62929707,-23.67633517,1.079532948,11.17306985,279.3267464,-23.49712767,"epi",-29.3059833333331,13.2101166666665
"10","A","R.a.","P","Forb","epi",46.724,0.383352414,1.483752094,0.862646566,-19.93420517,1.083285265,10.20432611,5.93274774,-19.41820478,"epi",44.6299166666664,50.7332866666665
"10","A","R.a.","P","Forb","epi",46.724,0.383352414,1.483752094,0.862646566,-19.93420517,1.083285265,10.20432611,5.93274774,-19.41820478,"epi",44.6299166666664,50.7332866666665
"10","A","R.a.","P","Forb","epi",46.724,0.383352414,1.483752094,0.862646566,-19.93420517,1.083285265,10.20432611,5.93274774,-19.41820478,"epi",44.6299166666664,50.7332866666665
"11","A","M.a.","P","Legumes","epi",2.163,0.367092294,0.280141943,14.00709714,-27.63666517,1.075561527,4.144206358,207.2103179,-28.0281877,"epi",-117.971283333334,-26.5040933333327
"11","A","M.a.","P","Legumes","epi",2.163,0.367092294,0.280141943,14.00709714,-27.63666517,1.075561527,4.144206358,207.2103179,-28.0281877,"epi",-117.971283333334,-26.5040933333327
"11","A","M.a.","P","Legumes","epi",2.163,0.367092294,0.280141943,14.00709714,-27.63666517,1.075561527,4.144206358,207.2103179,-28.0281877,"epi",-117.971283333334,-26.5040933333327
"12","A","T.p.","P","Legumes","epi",41.949,0.38161029,0.700994728,-7.788830314,-13.33692817,1.089899808,8.638155526,-95.97950584,-12.04447391,"epi",27.2086766666668,116.878716666666
"12","A","T.p.","P","Legumes","epi",41.949,0.38161029,0.700994728,-7.788830314,-13.33692817,1.089899808,8.638155526,-95.97950584,-12.04447391,"epi",27.2086766666668,116.878716666666
"12","A","T.p.","P","Legumes","epi",41.949,0.38161029,0.700994728,-7.788830314,-13.33692817,1.089899808,8.638155526,-95.97950584,-12.04447391,"epi",27.2086766666668,116.878716666666
"13","A","L.c.","P","Legumes","epi",177.179,0.430924393,1.098440853,54.92204265,-5.659561167,1.097596155,9.144606714,457.2303357,-3.709517069,"epi",520.349706666667,193.842186666666
"13","A","L.c.","P","Legumes","epi",177.179,0.430924393,1.098440853,54.92204265,-5.659561167,1.097596155,9.144606714,457.2303357,-3.709517069,"epi",520.349706666667,193.842186666666
"13","A","L.c.","P","Legumes","epi",177.179,0.430924393,1.098440853,54.92204265,-5.659561167,1.097596155,9.144606714,457.2303357,-3.709517069,"epi",520.349706666667,193.842186666666
"14","A","M.s.","P","Legumes","epi",9.529,0.369780482,1.16460052,16.63715029,-23.46468117,1.079745186,10.86653523,155.2362176,-23.26319624,"epi",-91.0894033333332,15.3324966666668
"14","A","M.s.","P","Legumes","epi",9.529,0.369780482,1.16460052,16.63715029,-23.46468117,1.079745186,10.86653523,155.2362176,-23.26319624,"epi",-91.0894033333332,15.3324966666668
"14","A","M.s.","P","Legumes","epi",9.529,0.369780482,1.16460052,16.63715029,-23.46468117,1.079745186,10.86653523,155.2362176,-23.26319624,"epi",-91.0894033333332,15.3324966666668
"15","A","T.r.","P","Legumes","epi",20.15,0.373656313,0.79056359,39.52817951,-16.35354317,1.086875408,10.65658769,532.8293846,-15.57059823,"epi",-52.3310933333332,86.634716666667
"15","A","T.r.","P","Legumes","epi",20.15,0.373656313,0.79056359,39.52817951,-16.35354317,1.086875408,10.65658769,532.8293846,-15.57059823,"epi",-52.3310933333332,86.634716666667
"15","A","T.r.","P","Legumes","epi",20.15,0.373656313,0.79056359,39.52817951,-16.35354317,1.086875408,10.65658769,532.8293846,-15.57059823,"epi",-52.3310933333332,86.634716666667
"17","A","F.o.","P+L","Grass","epi",65.6,0.390238586,4.615610415,153.8536805,8.810371833,1.112098604,18.33769728,611.2565759,10.39828255,"epi",113.491636666667,338.866676666667
"17","A","F.o.","P+L","Grass","epi",65.6,0.390238586,4.615610415,153.8536805,8.810371833,1.112098604,18.33769728,611.2565759,10.39828255,"epi",113.491636666667,338.866676666667
"17","A","F.o.","P+L","Grass","epi",65.6,0.390238586,4.615610415,153.8536805,8.810371833,1.112098604,18.33769728,611.2565759,10.39828255,"epi",113.491636666667,338.866676666667
"18","A","A.o.","P+L","Grass","epi",137.442,0.416438633,1.694896262,56.49654207,9.193312833,1.112482348,11.1459071,371.5302368,11.91464505,"epi",375.492106666667,342.704116666666
"18","A","A.o.","P+L","Grass","epi",137.442,0.416438633,1.694896262,56.49654207,9.193312833,1.112482348,11.1459071,371.5302368,11.91464505,"epi",375.492106666667,342.704116666666
"18","A","A.o.","P+L","Grass","epi",137.442,0.416438633,1.694896262,56.49654207,9.193312833,1.112482348,11.1459071,371.5302368,11.91464505,"epi",375.492106666667,342.704116666666
"19","A","D.g.","P+L","Grass","epi",6.312,0.36860647,0.279849657,9.328321898,-27.81449817,1.075383188,4.845075924,161.5025308,-28.17335386,"epi",-102.829523333333,-28.2874833333335
"19","A","D.g.","P+L","Grass","epi",6.312,0.36860647,0.279849657,9.328321898,-27.81449817,1.075383188,4.845075924,161.5025308,-28.17335386,"epi",-102.829523333333,-28.2874833333335
"19","A","D.g.","P+L","Grass","epi",6.312,0.36860647,0.279849657,9.328321898,-27.81449817,1.075383188,4.845075924,161.5025308,-28.17335386,"epi",-102.829523333333,-28.2874833333335
"20","A","H.l.","P+L","Grass","epi",101.622,0.403377166,1.518155384,0.151512513,-7.471712167,1.095779632,11.36620983,1.134352278,-6.068878936,"epi",244.877436666667,175.676956666666
"20","A","H.l.","P+L","Grass","epi",101.622,0.403377166,1.518155384,0.151512513,-7.471712167,1.095779632,11.36620983,1.134352278,-6.068878936,"epi",244.877436666667,175.676956666666
"20","A","H.l.","P+L","Grass","epi",101.622,0.403377166,1.518155384,0.151512513,-7.471712167,1.095779632,11.36620983,1.134352278,-6.068878936,"epi",244.877436666667,175.676956666666
"21","A","G.v.","P+L","Forb","epi",96.699,0.401581767,1.494792507,1.322825228,2.3842,1.105658517,11.24108375,9.947861722,4.559008722,"epi",226.923446666666,274.465806666666
"21","A","G.v.","P+L","Forb","epi",96.699,0.401581767,1.494792507,1.322825228,2.3842,1.105658517,11.24108375,9.947861722,4.559008722,"epi",226.923446666666,274.465806666666
"21","A","G.v.","P+L","Forb","epi",96.699,0.401581767,1.494792507,1.322825228,2.3842,1.105658517,11.24108375,9.947861722,4.559008722,"epi",226.923446666666,274.465806666666
"23","A","P.l.","P+L","Forb","epi",235.922,0.4523309,1.45182203,-7.259110151,-17.82312017,1.085401971,10.80576528,-54.02882641,-17.1693467,"epi",734.414776666667,71.9003466666668
"23","A","P.l.","P+L","Forb","epi",235.922,0.4523309,1.45182203,-7.259110151,-17.82312017,1.085401971,10.80576528,-54.02882641,-17.1693467,"epi",734.414776666667,71.9003466666668
"23","A","P.l.","P+L","Forb","epi",235.922,0.4523309,1.45182203,-7.259110151,-17.82312017,1.085401971,10.80576528,-54.02882641,-17.1693467,"epi",734.414776666667,71.9003466666668
"24","A","C.n.","P+L","Forb","epi",4.319,0.367879131,0.243175893,0.051960661,-26.99624817,1.076203759,5.205155125,1.112212634,-27.17717222,"epi",-110.102913333333,-20.0817733333336
"24","A","C.n.","P+L","Forb","epi",4.319,0.367879131,0.243175893,0.051960661,-26.99624817,1.076203759,5.205155125,1.112212634,-27.17717222,"epi",-110.102913333333,-20.0817733333336
"24","A","C.n.","P+L","Forb","epi",4.319,0.367879131,0.243175893,0.051960661,-26.99624817,1.076203759,5.205155125,1.112212634,-27.17717222,"epi",-110.102913333333,-20.0817733333336
"25","A","R.a.","P+L","Forb","epi",53.793,0.385931374,1.151873891,-0.138779987,-24.25783817,1.078949836,9.548655775,-1.150440455,-24.09853033,"epi",70.4195166666666,7.37899666666708
"25","A","R.a.","P+L","Forb","epi",53.793,0.385931374,1.151873891,-0.138779987,-24.25783817,1.078949836,9.548655775,-1.150440455,-24.09853033,"epi",70.4195166666666,7.37899666666708
"25","A","R.a.","P+L","Forb","epi",53.793,0.385931374,1.151873891,-0.138779987,-24.25783817,1.078949836,9.548655775,-1.150440455,-24.09853033,"epi",70.4195166666666,7.37899666666708
"26","A","M.a.","P+L","Legumes","epi",121.546,0.410642711,3.745495846,-0.418491156,2.435658833,1.10571009,21.43211329,-2.39464953,3.538237457,"epi",317.532886666667,274.981536666667
"26","A","M.a.","P+L","Legumes","epi",121.546,0.410642711,3.745495846,-0.418491156,2.435658833,1.10571009,21.43211329,-2.39464953,3.538237457,"epi",317.532886666667,274.981536666667
"26","A","M.a.","P+L","Legumes","epi",121.546,0.410642711,3.745495846,-0.418491156,2.435658833,1.10571009,21.43211329,-2.39464953,3.538237457,"epi",317.532886666667,274.981536666667
"27","A","T.p.","P+L","Legumes","epi",142.843,0.418407766,3.006964787,12.02785915,-10.04538117,1.093199639,21.46015085,85.84060338,-9.427588239,"epi",395.183436666667,149.877026666667
"27","A","T.p.","P+L","Legumes","epi",142.843,0.418407766,3.006964787,12.02785915,-10.04538117,1.093199639,21.46015085,85.84060338,-9.427588239,"epi",395.183436666667,149.877026666667
"27","A","T.p.","P+L","Legumes","epi",142.843,0.418407766,3.006964787,12.02785915,-10.04538117,1.093199639,21.46015085,85.84060338,-9.427588239,"epi",395.183436666667,149.877026666667
"28","A","L.c.","P+L","Legumes","epi",112.671,0.407406458,3.93006803,98.25170074,-4.771487167,1.098486347,19.84462149,496.1155373,-3.879749293,"epi",285.170356666667,202.744106666666
"28","A","L.c.","P+L","Legumes","epi",112.671,0.407406458,3.93006803,98.25170074,-4.771487167,1.098486347,19.84462149,496.1155373,-3.879749293,"epi",285.170356666667,202.744106666666
"28","A","L.c.","P+L","Legumes","epi",112.671,0.407406458,3.93006803,98.25170074,-4.771487167,1.098486347,19.84462149,496.1155373,-3.879749293,"epi",285.170356666667,202.744106666666
"29","A","M.s.","P+L","Legumes","epi",14.62866667,0.371641497,0.32551463,32.55146302,-27.61593617,1.075582315,4.175045777,417.5045777,-27.99896769,"epi",-72.4792533333335,-26.2962133333344
"29","A","M.s.","P+L","Legumes","epi",14.62866667,0.371641497,0.32551463,32.55146302,-27.61593617,1.075582315,4.175045777,417.5045777,-27.99896769,"epi",-72.4792533333335,-26.2962133333344
"29","A","M.s.","P+L","Legumes","epi",14.62866667,0.371641497,0.32551463,32.55146302,-27.61593617,1.075582315,4.175045777,417.5045777,-27.99896769,"epi",-72.4792533333335,-26.2962133333344
"30","A","T.r.","P+L","Legumes","epi",93.61866667,0.400458349,2.891449649,13.14295295,2.3842,1.105658517,15.0108135,68.23097044,3.982093041,"epi",215.689266666667,274.465806666666
"30","A","T.r.","P+L","Legumes","epi",93.61866667,0.400458349,2.891449649,13.14295295,2.3842,1.105658517,15.0108135,68.23097044,3.982093041,"epi",215.689266666667,274.465806666666
"30","A","T.r.","P+L","Legumes","epi",93.61866667,0.400458349,2.891449649,13.14295295,2.3842,1.105658517,15.0108135,68.23097044,3.982093041,"epi",215.689266666667,274.465806666666
"32","A","F.o.","L","Grass","epi",9.283666667,0.369690951,0.247241468,12.36207341,-25.80487617,1.077398485,3.753740371,187.6870185,-25.75202824,"epi",-91.9847133333335,-8.13451333333326
"32","A","F.o.","L","Grass","epi",9.283666667,0.369690951,0.247241468,12.36207341,-25.80487617,1.077398485,3.753740371,187.6870185,-25.75202824,"epi",-91.9847133333335,-8.13451333333326
"32","A","F.o.","L","Grass","epi",9.283666667,0.369690951,0.247241468,12.36207341,-25.80487617,1.077398485,3.753740371,187.6870185,-25.75202824,"epi",-91.9847133333335,-8.13451333333326
"34","A","D.g.","L","Grass","epi",364.7026667,0.499227603,0.637084045,21.23613484,-27.31372917,1.075885379,4.749590128,158.3196709,-27.57982851,"epi",1203.38180666667,-23.2655733333331
"34","A","D.g.","L","Grass","epi",364.7026667,0.499227603,0.637084045,21.23613484,-27.31372917,1.075885379,4.749590128,158.3196709,-27.57982851,"epi",1203.38180666667,-23.2655733333331
"34","A","D.g.","L","Grass","epi",364.7026667,0.499227603,0.637084045,21.23613484,-27.31372917,1.075885379,4.749590128,158.3196709,-27.57982851,"epi",1203.38180666667,-23.2655733333331
"35","A","H.l.","L","Grass","epi",87.10466667,0.398082565,0.255215071,12.76075354,-28.52364817,1.074672016,4.722785792,236.1392896,-29.03831265,"epi",191.931426666667,-35.3992033333328
"35","A","H.l.","L","Grass","epi",87.10466667,0.398082565,0.255215071,12.76075354,-28.52364817,1.074672016,4.722785792,236.1392896,-29.03831265,"epi",191.931426666667,-35.3992033333328
"35","A","H.l.","L","Grass","epi",87.10466667,0.398082565,0.255215071,12.76075354,-28.52364817,1.074672016,4.722785792,236.1392896,-29.03831265,"epi",191.931426666667,-35.3992033333328
"36","A","G.v.","L","Forb","epi",40.64966667,0.381136228,0.896869906,22.42174766,-12.33539017,1.09090389,7.845740914,196.1435228,-10.78385882,"epi",22.4680566666668,126.919536666668
"36","A","G.v.","L","Forb","epi",40.64966667,0.381136228,0.896869906,22.42174766,-12.33539017,1.09090389,7.845740914,196.1435228,-10.78385882,"epi",22.4680566666668,126.919536666668
"36","A","G.v.","L","Forb","epi",40.64966667,0.381136228,0.896869906,22.42174766,-12.33539017,1.09090389,7.845740914,196.1435228,-10.78385882,"epi",22.4680566666668,126.919536666668
"40","A","R.a.","L","Forb","epi",4.264666667,0.367859302,0.302889286,10.09630952,-28.86622217,1.074328461,6.457826176,215.2608725,-29.27149756,"epi",-110.301203333333,-38.8347533333344
"40","A","R.a.","L","Forb","epi",4.264666667,0.367859302,0.302889286,10.09630952,-28.86622217,1.074328461,6.457826176,215.2608725,-29.27149756,"epi",-110.301203333333,-38.8347533333344
"40","A","R.a.","L","Forb","epi",4.264666667,0.367859302,0.302889286,10.09630952,-28.86622217,1.074328461,6.457826176,215.2608725,-29.27149756,"epi",-110.301203333333,-38.8347533333344
"43","A","L.c.","L","Legumes","epi",65.41566667,0.390171344,0.366654458,12.22181525,-28.84222017,1.074352532,5.695587038,189.8529013,-29.3066744,"epi",112.819216666666,-38.5940433333332
"43","A","L.c.","L","Legumes","epi",65.41566667,0.390171344,0.366654458,12.22181525,-28.84222017,1.074352532,5.695587038,189.8529013,-29.3066744,"epi",112.819216666666,-38.5940433333332
"43","A","L.c.","L","Legumes","epi",65.41566667,0.390171344,0.366654458,12.22181525,-28.84222017,1.074352532,5.695587038,189.8529013,-29.3066744,"epi",112.819216666666,-38.5940433333332
"44","A","M.s.","L","Legumes","epi",32.25266667,0.378072467,0.398416663,9.960416565,-24.36039217,1.078846998,4.155990789,103.8997697,-23.96954298,"epi",-8.16955333333314,6.35061666666603
"44","A","M.s.","L","Legumes","epi",32.25266667,0.378072467,0.398416663,9.960416565,-24.36039217,1.078846998,4.155990789,103.8997697,-23.96954298,"epi",-8.16955333333314,6.35061666666603
"44","A","M.s.","L","Legumes","epi",32.25266667,0.378072467,0.398416663,9.960416565,-24.36039217,1.078846998,4.155990789,103.8997697,-23.96954298,"epi",-8.16955333333314,6.35061666666603
"45","A","T.r.","L","Legumes","epi",32.34266667,0.378105306,0.354855923,8.871398074,-28.12106917,1.075075744,7.235352925,180.8838231,-28.38474629,"epi",-7.84116333333362,-31.3619233333329
"45","A","T.r.","L","Legumes","epi",32.34266667,0.378105306,0.354855923,8.871398074,-28.12106917,1.075075744,7.235352925,180.8838231,-28.38474629,"epi",-7.84116333333362,-31.3619233333329
"45","A","T.r.","L","Legumes","epi",32.34266667,0.378105306,0.354855923,8.871398074,-28.12106917,1.075075744,7.235352925,180.8838231,-28.38474629,"epi",-7.84116333333362,-31.3619233333329
"46","A",NA,"T","Temoins","epi",36.37466667,0.379576459,0.976684166,9.766841656,-27.84831917,1.075349271,9.158291821,91.58291821,-28.02522796,"epi",6.8703666666664,-28.6266533333324
"46","A",NA,"T","Temoins","epi",36.37466667,0.379576459,0.976684166,9.766841656,-27.84831917,1.075349271,9.158291821,91.58291821,-28.02522796,"epi",6.8703666666664,-28.6266533333324
"46","A",NA,"T","Temoins","epi",36.37466667,0.379576459,0.976684166,9.766841656,-27.84831917,1.075349271,9.158291821,91.58291821,-28.02522796,"epi",6.8703666666664,-28.6266533333324
"47","A",NA,"T","Temoins","epi",23.37066667,0.374831543,0.343775461,34.37754608,-24.75969817,1.078446583,3.501040905,350.1040905,-24.39234295,"epi",-40.5787933333335,2.34646666666727
"47","A",NA,"T","Temoins","epi",23.37066667,0.374831543,0.343775461,34.37754608,-24.75969817,1.078446583,3.501040905,350.1040905,-24.39234295,"epi",-40.5787933333335,2.34646666666727
"47","A",NA,"T","Temoins","epi",23.37066667,0.374831543,0.343775461,34.37754608,-24.75969817,1.078446583,3.501040905,350.1040905,-24.39234295,"epi",-40.5787933333335,2.34646666666727
"2","B","F.o.","P","Grass","epi",39.1495,0.380588885,0.141660811,14.16608108,-23.40801938,1.079930847,4.949232141,494.9232141,-23.18142675,"epi",16.9946266666665,17.1891066666663
"2","B","F.o.","P","Grass","epi",39.1495,0.380588885,0.141660811,14.16608108,-23.40801938,1.079930847,4.949232141,494.9232141,-23.18142675,"epi",16.9946266666665,17.1891066666663
"2","B","F.o.","P","Grass","epi",39.1495,0.380588885,0.141660811,14.16608108,-23.40801938,1.079930847,4.949232141,494.9232141,-23.18142675,"epi",16.9946266666665,17.1891066666663
"3","B","A.o.","P","Grass","epi",18.5675,0.373078843,0.110344723,0.134566735,-18.08037538,1.085518698,4.741737239,5.782606389,-17.31632883,"epi",-58.1057933333334,73.0676166666666
"3","B","A.o.","P","Grass","epi",18.5675,0.373078843,0.110344723,0.134566735,-18.08037538,1.085518698,4.741737239,5.782606389,-17.31632883,"epi",-58.1057933333334,73.0676166666666
"3","B","A.o.","P","Grass","epi",18.5675,0.373078843,0.110344723,0.134566735,-18.08037538,1.085518698,4.741737239,5.782606389,-17.31632883,"epi",-58.1057933333334,73.0676166666666
"3","B","A.o.","P","Grass","epi",13.3835,0.371187106,0.278519528,-27.85195285,-19.71788538,1.083801278,4.005419192,-400.5419192,-18.9253656,"epi",-77.0231633333335,55.8934166666658
"3","B","A.o.","P","Grass","epi",13.3835,0.371187106,0.278519528,-27.85195285,-19.71788538,1.083801278,4.005419192,-400.5419192,-18.9253656,"epi",-77.0231633333335,55.8934166666658
"3","B","A.o.","P","Grass","epi",13.3835,0.371187106,0.278519528,-27.85195285,-19.71788538,1.083801278,4.005419192,-400.5419192,-18.9253656,"epi",-77.0231633333335,55.8934166666658
"4","B","D.g.","P","Grass","epi",5.5205,0.368317616,2.493780958,13.12516293,-19.10355838,1.084445591,11.56073038,60.84594935,-19.03462309,"epi",-105.718063333333,62.3365466666659
"4","B","D.g.","P","Grass","epi",5.5205,0.368317616,2.493780958,13.12516293,-19.10355838,1.084445591,11.56073038,60.84594935,-19.03462309,"epi",-105.718063333333,62.3365466666659
"4","B","D.g.","P","Grass","epi",5.5205,0.368317616,2.493780958,13.12516293,-19.10355838,1.084445591,11.56073038,60.84594935,-19.03462309,"epi",-105.718063333333,62.3365466666659
"5","B","H.l.","P","Grass","epi",34.1115,0.378750704,2.643955565,-5.747729489,21.20213363,1.126700314,14.72680884,-32.01480182,21.16966253,"epi",-1.38718333333343,484.883776666667
"5","B","H.l.","P","Grass","epi",34.1115,0.378750704,2.643955565,-5.747729489,21.20213363,1.126700314,14.72680884,-32.01480182,21.16966253,"epi",-1.38718333333343,484.883776666667
"5","B","H.l.","P","Grass","epi",34.1115,0.378750704,2.643955565,-5.747729489,21.20213363,1.126700314,14.72680884,-32.01480182,21.16966253,"epi",-1.38718333333343,484.883776666667
"5","B","H.l.","P","Grass","epi",26.1255,0.375836768,1.312879483,32.82198707,-7.772406375,1.096328323,10.05307885,251.3269713,-7.423414794,"epi",-30.5265433333335,181.163866666667
"5","B","H.l.","P","Grass","epi",26.1255,0.375836768,1.312879483,32.82198707,-7.772406375,1.096328323,10.05307885,251.3269713,-7.423414794,"epi",-30.5265433333335,181.163866666667
"5","B","H.l.","P","Grass","epi",26.1255,0.375836768,1.312879483,32.82198707,-7.772406375,1.096328323,10.05307885,251.3269713,-7.423414794,"epi",-30.5265433333335,181.163866666667
"8","B","P.l.","P","Forb","epi",40.0585,0.380920539,1.817219439,20.1913271,16.20199163,1.121460346,8.637287777,95.96986419,17.47383965,"epi",20.3111666666667,432.484096666668
"8","B","P.l.","P","Forb","epi",40.0585,0.380920539,1.817219439,20.1913271,16.20199163,1.121460346,8.637287777,95.96986419,17.47383965,"epi",20.3111666666667,432.484096666668
"8","B","P.l.","P","Forb","epi",40.0585,0.380920539,1.817219439,20.1913271,16.20199163,1.121460346,8.637287777,95.96986419,17.47383965,"epi",20.3111666666667,432.484096666668
"8","B","P.l.","P","Forb","epi",29.3825,0.377025205,0.34232615,-17.11630749,-19.66260638,1.083859255,3.414993428,-170.7496714,-18.63879161,"epi",-18.6421733333336,56.4731866666657
"8","B","P.l.","P","Forb","epi",29.3825,0.377025205,0.34232615,-17.11630749,-19.66260638,1.083859255,3.414993428,-170.7496714,-18.63879161,"epi",-18.6421733333336,56.4731866666657
"8","B","P.l.","P","Forb","epi",29.3825,0.377025205,0.34232615,-17.11630749,-19.66260638,1.083859255,3.414993428,-170.7496714,-18.63879161,"epi",-18.6421733333336,56.4731866666657
"9","B","C.n.","P","Forb","epi",6.3145,0.368607383,0.16557288,-2.36532686,-27.46946138,1.075670617,2.237618704,-31.96598148,-27.93633927,"epi",-102.820393333333,-25.4131933333324
"9","B","C.n.","P","Forb","epi",6.3145,0.368607383,0.16557288,-2.36532686,-27.46946138,1.075670617,2.237618704,-31.96598148,-27.93633927,"epi",-102.820393333333,-25.4131933333324
"9","B","C.n.","P","Forb","epi",6.3145,0.368607383,0.16557288,-2.36532686,-27.46946138,1.075670617,2.237618704,-31.96598148,-27.93633927,"epi",-102.820393333333,-25.4131933333324
"9","B","C.n.","P","Forb","epi",34.7775,0.378993707,0.907395756,6.979967356,-24.90576738,1.078359835,7.43094701,57.16113085,-24.86769917,"epi",1.04284666666676,1.47898666666757
"9","B","C.n.","P","Forb","epi",34.7775,0.378993707,0.907395756,6.979967356,-24.90576738,1.078359835,7.43094701,57.16113085,-24.86769917,"epi",1.04284666666676,1.47898666666757
"9","B","C.n.","P","Forb","epi",34.7775,0.378993707,0.907395756,6.979967356,-24.90576738,1.078359835,7.43094701,57.16113085,-24.86769917,"epi",1.04284666666676,1.47898666666757
"10","B","R.a.","P","Forb","epi",33.6115,0.378568269,0.972823357,9.728233571,-14.49558438,1.089278217,7.869129732,78.69129732,-14.06837029,"epi",-3.21153333333324,110.662806666666
"10","B","R.a.","P","Forb","epi",33.6115,0.378568269,0.972823357,9.728233571,-14.49558438,1.089278217,7.869129732,78.69129732,-14.06837029,"epi",-3.21153333333324,110.662806666666
"10","B","R.a.","P","Forb","epi",33.6115,0.378568269,0.972823357,9.728233571,-14.49558438,1.089278217,7.869129732,78.69129732,-14.06837029,"epi",-3.21153333333324,110.662806666666
"11","B","M.a.","P","Legumes","epi",5.6075,0.368349366,1.562981627,26.04969378,-24.09222738,1.079213176,6.83696557,113.9494262,-24.00395568,"epi",-105.400563333333,10.0123966666676
"11","B","M.a.","P","Legumes","epi",5.6075,0.368349366,1.562981627,26.04969378,-24.09222738,1.079213176,6.83696557,113.9494262,-24.00395568,"epi",-105.400563333333,10.0123966666676
"11","B","M.a.","P","Legumes","epi",5.6075,0.368349366,1.562981627,26.04969378,-24.09222738,1.079213176,6.83696557,113.9494262,-24.00395568,"epi",-105.400563333333,10.0123966666676
"14","B","M.s.","P","Legumes","epi",21.1495,0.374021036,1.526116535,25.43527559,47.77985963,1.154543493,7.214047885,120.2341314,51.14620668,"epi",-48.6838633333336,763.315566666667
"14","B","M.s.","P","Legumes","epi",21.1495,0.374021036,1.526116535,25.43527559,47.77985963,1.154543493,7.214047885,120.2341314,51.14620668,"epi",-48.6838633333336,763.315566666667
"14","B","M.s.","P","Legumes","epi",21.1495,0.374021036,1.526116535,25.43527559,47.77985963,1.154543493,7.214047885,120.2341314,51.14620668,"epi",-48.6838633333336,763.315566666667
"18","B","A.o.","P+L","Grass","epi",58.9225,0.38780267,0.162419441,-16.24194413,-22.95014238,1.080411112,5.207960235,-520.7960235,-22.7044505,"epi",89.1324766666668,21.9917566666661
"18","B","A.o.","P+L","Grass","epi",58.9225,0.38780267,0.162419441,-16.24194413,-22.95014238,1.080411112,5.207960235,-520.7960235,-22.7044505,"epi",89.1324766666668,21.9917566666661
"18","B","A.o.","P+L","Grass","epi",58.9225,0.38780267,0.162419441,-16.24194413,-22.95014238,1.080411112,5.207960235,-520.7960235,-22.7044505,"epi",89.1324766666668,21.9917566666661
"18","B","A.o.","P+L","Grass","epi",27.2825,0.376258945,0.653025597,9.328937096,-20.73689638,1.082732509,5.875026003,83.92894289,-20.38909939,"epi",-26.3047733333333,45.2057266666661
"18","B","A.o.","P+L","Grass","epi",27.2825,0.376258945,0.653025597,9.328937096,-20.73689638,1.082732509,5.875026003,83.92894289,-20.38909939,"epi",-26.3047733333333,45.2057266666661
"18","B","A.o.","P+L","Grass","epi",27.2825,0.376258945,0.653025597,9.328937096,-20.73689638,1.082732509,5.875026003,83.92894289,-20.38909939,"epi",-26.3047733333333,45.2057266666661
"19","B","D.g.","P+L","Grass","epi",26.1545,0.37584735,1.9849517,9.9247585,-19.42480238,1.084108667,11.93976465,59.69882325,-19.37100301,"epi",-30.4207233333331,58.9673066666663
"19","B","D.g.","P+L","Grass","epi",26.1545,0.37584735,1.9849517,9.9247585,-19.42480238,1.084108667,11.93976465,59.69882325,-19.37100301,"epi",-30.4207233333331,58.9673066666663
"19","B","D.g.","P+L","Grass","epi",26.1545,0.37584735,1.9849517,9.9247585,-19.42480238,1.084108667,11.93976465,59.69882325,-19.37100301,"epi",-30.4207233333331,58.9673066666663
"19","B","D.g.","P+L","Grass","epi",55.9245,0.386708976,0.392448015,2.80320011,-26.46609538,1.076723128,11.96796999,85.48549995,-26.47914644,"epi",78.1955366666665,-14.8880833333331
"19","B","D.g.","P+L","Grass","epi",55.9245,0.386708976,0.392448015,2.80320011,-26.46609538,1.076723128,11.96796999,85.48549995,-26.47914644,"epi",78.1955366666665,-14.8880833333331
"19","B","D.g.","P+L","Grass","epi",55.9245,0.386708976,0.392448015,2.80320011,-26.46609538,1.076723128,11.96796999,85.48549995,-26.47914644,"epi",78.1955366666665,-14.8880833333331
"20","B","H.l.","P+L","Grass","epi",47.6805,0.383701378,1.565820238,-0.03435323,-6.919232375,1.097222913,9.138224835,-0.200487601,-6.429135999,"epi",48.1195566666665,190.109766666666
"20","B","H.l.","P+L","Grass","epi",47.6805,0.383701378,1.565820238,-0.03435323,-6.919232375,1.097222913,9.138224835,-0.200487601,-6.429135999,"epi",48.1195566666665,190.109766666666
"20","B","H.l.","P+L","Grass","epi",47.6805,0.383701378,1.565820238,-0.03435323,-6.919232375,1.097222913,9.138224835,-0.200487601,-6.429135999,"epi",48.1195566666665,190.109766666666
"20","B","H.l.","P+L","Grass","epi",141.4845,0.417912482,1.029513476,6.055961623,-8.178133375,1.095902896,9.185525665,54.03250391,-7.727566749,"epi",390.230596666666,176.909596666666
"20","B","H.l.","P+L","Grass","epi",141.4845,0.417912482,1.029513476,6.055961623,-8.178133375,1.095902896,9.185525665,54.03250391,-7.727566749,"epi",390.230596666666,176.909596666666
"20","B","H.l.","P+L","Grass","epi",141.4845,0.417912482,1.029513476,6.055961623,-8.178133375,1.095902896,9.185525665,54.03250391,-7.727566749,"epi",390.230596666666,176.909596666666
"20","B","H.l.","P+L","Grass","epi",74.5895,0.39351772,4.26269912,12.91727006,-2.352978375,1.102010551,16.17042501,49.00128792,-2.462781788,"epi",146.282976666667,237.986146666667
"20","B","H.l.","P+L","Grass","epi",74.5895,0.39351772,4.26269912,12.91727006,-2.352978375,1.102010551,16.17042501,49.00128792,-2.462781788,"epi",146.282976666667,237.986146666667
"20","B","H.l.","P+L","Grass","epi",74.5895,0.39351772,4.26269912,12.91727006,-2.352978375,1.102010551,16.17042501,49.00128792,-2.462781788,"epi",146.282976666667,237.986146666667
"23","B","P.l.","P+L","Forb","epi",34.0375,0.378723704,2.727233747,11.36347395,-19.74083138,1.083777211,14.56739691,60.69748711,-19.74968798,"epi",-1.65718333333342,55.6527466666656
"23","B","P.l.","P+L","Forb","epi",34.0375,0.378723704,2.727233747,11.36347395,-19.74083138,1.083777211,14.56739691,60.69748711,-19.74968798,"epi",-1.65718333333342,55.6527466666656
"23","B","P.l.","P+L","Forb","epi",34.0375,0.378723704,2.727233747,11.36347395,-19.74083138,1.083777211,14.56739691,60.69748711,-19.74968798,"epi",-1.65718333333342,55.6527466666656
"24","B","C.n.","P+L","Forb","epi",27.4555,0.376322071,0.682001079,17.05002697,18.77715863,1.124159097,4.758098519,118.952463,23.11650531,"epi",-25.6735133333336,459.471606666666
"24","B","C.n.","P+L","Forb","epi",27.4555,0.376322071,0.682001079,17.05002697,18.77715863,1.124159097,4.758098519,118.952463,23.11650531,"epi",-25.6735133333336,459.471606666666
"24","B","C.n.","P+L","Forb","epi",27.4555,0.376322071,0.682001079,17.05002697,18.77715863,1.124159097,4.758098519,118.952463,23.11650531,"epi",-25.6735133333336,459.471606666666
"26","B","M.a.","P+L","Legumes","epi",169.8005,0.428234947,0.109651795,-2.741294874,-23.50919038,1.079824729,3.28365054,-82.0912635,-23.08804194,"epi",493.455246666666,16.127926666667
"26","B","M.a.","P+L","Legumes","epi",169.8005,0.428234947,0.109651795,-2.741294874,-23.50919038,1.079824729,3.28365054,-82.0912635,-23.08804194,"epi",493.455246666666,16.127926666667
"26","B","M.a.","P+L","Legumes","epi",169.8005,0.428234947,0.109651795,-2.741294874,-23.50919038,1.079824729,3.28365054,-82.0912635,-23.08804194,"epi",493.455246666666,16.127926666667
"26","B","M.a.","P+L","Legumes","epi",51.9235,0.385249344,0.159144256,-0.047084099,-27.56646038,1.075568866,8.35646827,-2.472327891,-27.62694041,"epi",63.5992166666666,-26.4307033333333
"26","B","M.a.","P+L","Legumes","epi",51.9235,0.385249344,0.159144256,-0.047084099,-27.56646038,1.075568866,8.35646827,-2.472327891,-27.62694041,"epi",63.5992166666666,-26.4307033333333
"26","B","M.a.","P+L","Legumes","epi",51.9235,0.385249344,0.159144256,-0.047084099,-27.56646038,1.075568866,8.35646827,-2.472327891,-27.62694041,"epi",63.5992166666666,-26.4307033333333
"26","B","M.a.","P+L","Legumes","epi",63.4195,0.389443164,0.130215252,-1.627690648,-26.30234438,1.076894897,3.786503676,-47.33129595,-26.35426019,"epi",105.537416666667,-13.1703933333327
"26","B","M.a.","P+L","Legumes","epi",63.4195,0.389443164,0.130215252,-1.627690648,-26.30234438,1.076894897,3.786503676,-47.33129595,-26.35426019,"epi",105.537416666667,-13.1703933333327
"26","B","M.a.","P+L","Legumes","epi",63.4195,0.389443164,0.130215252,-1.627690648,-26.30234438,1.076894897,3.786503676,-47.33129595,-26.35426019,"epi",105.537416666667,-13.1703933333327
"27","B","T.p.","P+L","Legumes","epi",38.1965,0.380241176,1.286055766,9.186112612,-21.85916438,1.081555415,7.456719733,53.2622838,-21.69143955,"epi",13.5175366666668,33.4347866666662
"27","B","T.p.","P+L","Legumes","epi",38.1965,0.380241176,1.286055766,9.186112612,-21.85916438,1.081555415,7.456719733,53.2622838,-21.69143955,"epi",13.5175366666668,33.4347866666662
"27","B","T.p.","P+L","Legumes","epi",38.1965,0.380241176,1.286055766,9.186112612,-21.85916438,1.081555415,7.456719733,53.2622838,-21.69143955,"epi",13.5175366666668,33.4347866666662
"27","B","T.p.","P+L","Legumes","epi",41.1465,0.381317498,0.230566083,2.561845365,-3.993617375,1.100290423,4.170130588,46.33478432,-1.364569784,"epi",24.2807566666664,220.784866666666
"27","B","T.p.","P+L","Legumes","epi",41.1465,0.381317498,0.230566083,2.561845365,-3.993617375,1.100290423,4.170130588,46.33478432,-1.364569784,"epi",24.2807566666664,220.784866666666
"27","B","T.p.","P+L","Legumes","epi",41.1465,0.381317498,0.230566083,2.561845365,-3.993617375,1.100290423,4.170130588,46.33478432,-1.364569784,"epi",24.2807566666664,220.784866666666
"28","B","L.c.","P+L","Legumes","epi",169.6805,0.428191206,0.162786633,16.27866335,-26.96882138,1.076195781,7.886467099,788.6467099,-27.01429203,"epi",493.017836666666,-20.1615533333332
"28","B","L.c.","P+L","Legumes","epi",169.6805,0.428191206,0.162786633,16.27866335,-26.96882138,1.076195781,7.886467099,788.6467099,-27.01429203,"epi",493.017836666666,-20.1615533333332
"28","B","L.c.","P+L","Legumes","epi",169.6805,0.428191206,0.162786633,16.27866335,-26.96882138,1.076195781,7.886467099,788.6467099,-27.01429203,"epi",493.017836666666,-20.1615533333332
"29","B","M.s.","P+L","Legumes","epi",61.7895,0.388848551,0.081806261,1.36343769,-26.58812638,1.076595121,4.446160169,74.10266949,-26.66137635,"epi",99.5912866666665,-16.1681533333335
"29","B","M.s.","P+L","Legumes","epi",61.7895,0.388848551,0.081806261,1.36343769,-26.58812638,1.076595121,4.446160169,74.10266949,-26.66137635,"epi",99.5912866666665,-16.1681533333335
"29","B","M.s.","P+L","Legumes","epi",61.7895,0.388848551,0.081806261,1.36343769,-26.58812638,1.076595121,4.446160169,74.10266949,-26.66137635,"epi",99.5912866666665,-16.1681533333335
"30","B","T.r.","P+L","Legumes","epi",67.0705,0.390775001,1.581873191,12.16825531,18.57690263,1.123949236,8.050575646,61.92750497,20.17202186,"epi",118.855786666667,457.372996666667
"30","B","T.r.","P+L","Legumes","epi",67.0705,0.390775001,1.581873191,12.16825531,18.57690263,1.123949236,8.050575646,61.92750497,20.17202186,"epi",118.855786666667,457.372996666667
"30","B","T.r.","P+L","Legumes","epi",67.0705,0.390775001,1.581873191,12.16825531,18.57690263,1.123949236,8.050575646,61.92750497,20.17202186,"epi",118.855786666667,457.372996666667
"32","B","F.o.","L","Grass","epi",45.9815,0.383081522,0.138709185,-1.066993733,-24.34567638,1.078947329,4.519143968,-34.76264591,-24.18056077,"epi",41.9209966666667,7.35392666666668
"32","B","F.o.","L","Grass","epi",45.9815,0.383081522,0.138709185,-1.066993733,-24.34567638,1.078947329,4.519143968,-34.76264591,-24.18056077,"epi",41.9209966666667,7.35392666666668
"32","B","F.o.","L","Grass","epi",45.9815,0.383081522,0.138709185,-1.066993733,-24.34567638,1.078947329,4.519143968,-34.76264591,-24.18056077,"epi",41.9209966666667,7.35392666666668
"35","B","H.l.","L","Grass","epi",115.9374,0.408597569,1.785330776,17.85330776,-1.022280533,1.103948065,9.223103498,92.23103498,0.135984293,"epi",297.081466666667,257.361286666666
"35","B","H.l.","L","Grass","epi",115.9374,0.408597569,1.785330776,17.85330776,-1.022280533,1.103948065,9.223103498,92.23103498,0.135984293,"epi",297.081466666667,257.361286666666
"35","B","H.l.","L","Grass","epi",115.9374,0.408597569,1.785330776,17.85330776,-1.022280533,1.103948065,9.223103498,92.23103498,0.135984293,"epi",297.081466666667,257.361286666666
"39","B","C.n.","L","Forb","epi",36.5915,0.379655574,0.493400493,24.67002463,14.83357563,1.120026198,5.44701887,272.3509435,17.98714704,"epi",7.66151666666659,418.142616666666
"39","B","C.n.","L","Forb","epi",36.5915,0.379655574,0.493400493,24.67002463,14.83357563,1.120026198,5.44701887,272.3509435,17.98714704,"epi",7.66151666666659,418.142616666666
"39","B","C.n.","L","Forb","epi",36.5915,0.379655574,0.493400493,24.67002463,14.83357563,1.120026198,5.44701887,272.3509435,17.98714704,"epi",7.66151666666659,418.142616666666
"41","B","M.a.","L","Legumes","epi",46.6404,0.383321913,0.842535579,NA,-28.05111453,1.075020565,5.831613113,NA,-28.24193357,"epi",44.3249066666668,-31.9137133333336
"41","B","M.a.","L","Legumes","epi",46.6404,0.383321913,0.842535579,NA,-28.05111453,1.075020565,5.831613113,NA,-28.24193357,"epi",44.3249066666668,-31.9137133333336
"41","B","M.a.","L","Legumes","epi",46.6404,0.383321913,0.842535579,NA,-28.05111453,1.075020565,5.831613113,NA,-28.24193357,"epi",44.3249066666668,-31.9137133333336
"43","B","L.c.","L","Legumes","epi",66.1645,0.390444507,0.552991714,27.64958568,-19.81488438,1.083699543,4.730639436,236.5319718,-19.21793736,"epi",115.550846666667,54.876066666667
"43","B","L.c.","L","Legumes","epi",66.1645,0.390444507,0.552991714,27.64958568,-19.81488438,1.083699543,4.730639436,236.5319718,-19.21793736,"epi",115.550846666667,54.876066666667
"43","B","L.c.","L","Legumes","epi",66.1645,0.390444507,0.552991714,27.64958568,-19.81488438,1.083699543,4.730639436,236.5319718,-19.21793736,"epi",115.550846666667,54.876066666667
"44","B","M.s.","L","Legumes","epi",120.7915,0.410367592,0.346931814,3.854797932,-26.94274638,1.076223133,4.500737421,50.00819356,-27.05242539,"epi",314.781696666667,-19.8880333333329
"44","B","M.s.","L","Legumes","epi",120.7915,0.410367592,0.346931814,3.854797932,-26.94274638,1.076223133,4.500737421,50.00819356,-27.05242539,"epi",314.781696666667,-19.8880333333329
"44","B","M.s.","L","Legumes","epi",120.7915,0.410367592,0.346931814,3.854797932,-26.94274638,1.076223133,4.500737421,50.00819356,-27.05242539,"epi",314.781696666667,-19.8880333333329
"45","B","T.r.","L","Legumes","epi",14.4785,0.371586698,0.092545976,-0.007579523,-27.80426438,1.075319411,2.860720481,-0.234293242,-28.19942705,"epi",-73.0272433333334,-28.925253333334
"45","B","T.r.","L","Legumes","epi",14.4785,0.371586698,0.092545976,-0.007579523,-27.80426438,1.075319411,2.860720481,-0.234293242,-28.19942705,"epi",-73.0272433333334,-28.925253333334
"45","B","T.r.","L","Legumes","epi",14.4785,0.371586698,0.092545976,-0.007579523,-27.80426438,1.075319411,2.860720481,-0.234293242,-28.19942705,"epi",-73.0272433333334,-28.925253333334
"46","B",NA,"T","Temoins","epi",43.7305,0.382260265,0.136575024,-6.8287512,-22.54128638,1.080839955,3.892307008,-194.6153504,-22.08928784,"epi",33.7084266666665,26.2801866666673
"46","B",NA,"T","Temoins","epi",43.7305,0.382260265,0.136575024,-6.8287512,-22.54128638,1.080839955,3.892307008,-194.6153504,-22.08928784,"epi",33.7084266666665,26.2801866666673
"46","B",NA,"T","Temoins","epi",43.7305,0.382260265,0.136575024,-6.8287512,-22.54128638,1.080839955,3.892307008,-194.6153504,-22.08928784,"epi",33.7084266666665,26.2801866666673
"2","C","F.o.","P","Grass","epi",16.46608333,0.372312007,0.10318894,-5.159447002,-25.80602589,1.077411201,1.796424078,-89.8212039,-25.73905607,"epi",-65.7741533333334,-8.00735333333247
"2","C","F.o.","P","Grass","epi",16.46608333,0.372312007,0.10318894,-5.159447002,-25.80602589,1.077411201,1.796424078,-89.8212039,-25.73905607,"epi",-65.7741533333334,-8.00735333333247
"2","C","F.o.","P","Grass","epi",16.46608333,0.372312007,0.10318894,-5.159447002,-25.80602589,1.077411201,1.796424078,-89.8212039,-25.73905607,"epi",-65.7741533333334,-8.00735333333247
"4","C","D.g.","P","Grass","epi",14.86608333,0.371728136,2.005818463,13.37212308,-12.13669989,1.09159801,8.56521683,57.10144553,-11.86719684,"epi",-71.6128633333335,133.860736666667
"4","C","D.g.","P","Grass","epi",14.86608333,0.371728136,2.005818463,13.37212308,-12.13669989,1.09159801,8.56521683,57.10144553,-11.86719684,"epi",-71.6128633333335,133.860736666667
"4","C","D.g.","P","Grass","epi",14.86608333,0.371728136,2.005818463,13.37212308,-12.13669989,1.09159801,8.56521683,57.10144553,-11.86719684,"epi",-71.6128633333335,133.860736666667
"5","C","H.l.","P","Grass","epi",6.928083333,0.368831306,0.764935475,25.49784918,-24.54860389,1.078716396,5.243842688,174.7947563,-24.45661676,"epi",-100.581163333333,5.04459666666568
"5","C","H.l.","P","Grass","epi",6.928083333,0.368831306,0.764935475,25.49784918,-24.54860389,1.078716396,5.243842688,174.7947563,-24.45661676,"epi",-100.581163333333,5.04459666666568
"5","C","H.l.","P","Grass","epi",6.928083333,0.368831306,0.764935475,25.49784918,-24.54860389,1.078716396,5.243842688,174.7947563,-24.45661676,"epi",-100.581163333333,5.04459666666568
"6","C","G.v.","P","Forb","epi",28.30908333,0.376633532,0.386043718,-9.651092954,-23.76758989,1.079527065,3.241958009,-81.04895022,-23.41352249,"epi",-22.5589033333334,13.1512866666661
"6","C","G.v.","P","Forb","epi",28.30908333,0.376633532,0.386043718,-9.651092954,-23.76758989,1.079527065,3.241958009,-81.04895022,-23.41352249,"epi",-22.5589033333334,13.1512866666661
"6","C","G.v.","P","Forb","epi",28.30908333,0.376633532,0.386043718,-9.651092954,-23.76758989,1.079527065,3.241958009,-81.04895022,-23.41352249,"epi",-22.5589033333334,13.1512866666661
"7","C","C.r.","P","Forb","epi",16.17408333,0.372205451,0.714965068,35.74825338,13.37747811,1.118067202,4.692908171,234.6454086,16.82508302,"epi",-66.8397133333332,398.552656666666
"7","C","C.r.","P","Forb","epi",16.17408333,0.372205451,0.714965068,35.74825338,13.37747811,1.118067202,4.692908171,234.6454086,16.82508302,"epi",-66.8397133333332,398.552656666666
"7","C","C.r.","P","Forb","epi",16.17408333,0.372205451,0.714965068,35.74825338,13.37747811,1.118067202,4.692908171,234.6454086,16.82508302,"epi",-66.8397133333332,398.552656666666
"8","C","P.l.","P","Forb","epi",13.97508333,0.37140299,0.462502957,46.25029569,-19.94473189,1.083494886,5.987375594,598.7375594,-19.62651853,"epi",-74.8643233333335,52.8294966666665
"8","C","P.l.","P","Forb","epi",13.97508333,0.37140299,0.462502957,46.25029569,-19.94473189,1.083494886,5.987375594,598.7375594,-19.62651853,"epi",-74.8643233333335,52.8294966666665
"8","C","P.l.","P","Forb","epi",13.97508333,0.37140299,0.462502957,46.25029569,-19.94473189,1.083494886,5.987375594,598.7375594,-19.62651853,"epi",-74.8643233333335,52.8294966666665
"9","C","C.n.","P","Forb","epi",13.01408333,0.371052297,1.082581387,18.04302312,-24.39471989,1.078876124,6.40911082,106.8185137,-24.33096051,"epi",-78.3712533333336,6.64187666666649
"9","C","C.n.","P","Forb","epi",13.01408333,0.371052297,1.082581387,18.04302312,-24.39471989,1.078876124,6.40911082,106.8185137,-24.33096051,"epi",-78.3712533333336,6.64187666666649
"9","C","C.n.","P","Forb","epi",13.01408333,0.371052297,1.082581387,18.04302312,-24.39471989,1.078876124,6.40911082,106.8185137,-24.33096051,"epi",-78.3712533333336,6.64187666666649
"11","C","M.a.","P","Legumes","epi",56.52408333,0.386927711,0.650124969,16.25312421,-10.57467189,1.093218913,5.349178138,133.7294534,-9.527549009,"epi",80.3828866666667,150.069766666667
"11","C","M.a.","P","Legumes","epi",56.52408333,0.386927711,0.650124969,16.25312421,-10.57467189,1.093218913,5.349178138,133.7294534,-9.527549009,"epi",80.3828866666667,150.069766666667
"11","C","M.a.","P","Legumes","epi",56.52408333,0.386927711,0.650124969,16.25312421,-10.57467189,1.093218913,5.349178138,133.7294534,-9.527549009,"epi",80.3828866666667,150.069766666667
"12","C","T.p.","P","Legumes","epi",119.2900833,0.409820115,0.832814492,0.824568804,9.433410105,1.11397643,5.413783248,5.360181434,11.79673456,"epi",309.306926666666,357.644936666666
"12","C","T.p.","P","Legumes","epi",119.2900833,0.409820115,0.832814492,0.824568804,9.433410105,1.11397643,5.413783248,5.360181434,11.79673456,"epi",309.306926666666,357.644936666666
"12","C","T.p.","P","Legumes","epi",119.2900833,0.409820115,0.832814492,0.824568804,9.433410105,1.11397643,5.413783248,5.360181434,11.79673456,"epi",309.306926666666,357.644936666666
"13","C","L.c.","P","Legumes","epi",29.68508333,0.377135612,0.173808228,-4.345205702,-26.62919989,1.076556734,2.532143303,-63.30358258,-26.79577124,"epi",-17.5381033333333,-16.5520233333338
"13","C","L.c.","P","Legumes","epi",29.68508333,0.377135612,0.173808228,-4.345205702,-26.62919989,1.076556734,2.532143303,-63.30358258,-26.79577124,"epi",-17.5381033333333,-16.5520233333338
"13","C","L.c.","P","Legumes","epi",29.68508333,0.377135612,0.173808228,-4.345205702,-26.62919989,1.076556734,2.532143303,-63.30358258,-26.79577124,"epi",-17.5381033333333,-16.5520233333338
"14","C","M.s.","P","Legumes","epi",18.07308333,0.372898425,0.187107072,-6.23690241,-24.19656789,1.0790818,3.167182183,-105.5727394,-23.90170322,"epi",-59.9099733333336,8.69863666666637
"14","C","M.s.","P","Legumes","epi",18.07308333,0.372898425,0.187107072,-6.23690241,-24.19656789,1.0790818,3.167182183,-105.5727394,-23.90170322,"epi",-59.9099733333336,8.69863666666637
"14","C","M.s.","P","Legumes","epi",18.07308333,0.372898425,0.187107072,-6.23690241,-24.19656789,1.0790818,3.167182183,-105.5727394,-23.90170322,"epi",-59.9099733333336,8.69863666666637
"15","C","T.r.","P","Legumes","epi",50.06408333,0.384570982,0.785548786,7.855487858,13.51133611,1.118206033,7.539991494,75.39991494,14.7168617,"epi",56.8155966666667,399.940966666668
"15","C","T.r.","P","Legumes","epi",50.06408333,0.384570982,0.785548786,7.855487858,13.51133611,1.118206033,7.539991494,75.39991494,14.7168617,"epi",56.8155966666667,399.940966666668
"15","C","T.r.","P","Legumes","epi",50.06408333,0.384570982,0.785548786,7.855487858,13.51133611,1.118206033,7.539991494,75.39991494,14.7168617,"epi",56.8155966666667,399.940966666668
"17","C","F.o.","P+L","Grass","epi",21.37108333,0.374101893,1.51688699,10.83490707,23.46109611,1.128524351,8.355369556,59.68121112,24.54654219,"epi",-47.8752933333332,503.124146666667
"17","C","F.o.","P+L","Grass","epi",21.37108333,0.374101893,1.51688699,10.83490707,23.46109611,1.128524351,8.355369556,59.68121112,24.54654219,"epi",-47.8752933333332,503.124146666667
"17","C","F.o.","P+L","Grass","epi",21.37108333,0.374101893,1.51688699,10.83490707,23.46109611,1.128524351,8.355369556,59.68121112,24.54654219,"epi",-47.8752933333332,503.124146666667
"18","C","A.o.","P+L","Grass","epi",41.31808333,0.381380101,1.095505144,15.65007349,10.91006411,1.11550805,6.299447552,89.99210789,12.69428241,"epi",24.9067866666669,372.961136666667
"18","C","A.o.","P+L","Grass","epi",41.31808333,0.381380101,1.095505144,15.65007349,10.91006411,1.11550805,6.299447552,89.99210789,12.69428241,"epi",24.9067866666669,372.961136666667
"18","C","A.o.","P+L","Grass","epi",41.31808333,0.381380101,1.095505144,15.65007349,10.91006411,1.11550805,6.299447552,89.99210789,12.69428241,"epi",24.9067866666669,372.961136666667
"19","C","D.g.","P+L","Grass","epi",147.9610833,0.420273679,0.62494879,31.24743948,-22.28461189,1.081066316,5.053483625,252.6741812,-22.01167703,"epi",413.842566666667,28.5437966666668
"19","C","D.g.","P+L","Grass","epi",147.9610833,0.420273679,0.62494879,31.24743948,-22.28461189,1.081066316,5.053483625,252.6741812,-22.01167703,"epi",413.842566666667,28.5437966666668
"19","C","D.g.","P+L","Grass","epi",147.9610833,0.420273679,0.62494879,31.24743948,-22.28461189,1.081066316,5.053483625,252.6741812,-22.01167703,"epi",413.842566666667,28.5437966666668
"19","C","D.g.","P+L","Grass","epi",72.16908333,0.392634837,0.324434279,8.110856986,-11.37571189,1.092387688,3.518807841,87.97019602,-9.285117565,"epi",137.454146666667,141.757516666667
"19","C","D.g.","P+L","Grass","epi",72.16908333,0.392634837,0.324434279,8.110856986,-11.37571189,1.092387688,3.518807841,87.97019602,-9.285117565,"epi",137.454146666667,141.757516666667
"19","C","D.g.","P+L","Grass","epi",72.16908333,0.392634837,0.324434279,8.110856986,-11.37571189,1.092387688,3.518807841,87.97019602,-9.285117565,"epi",137.454146666667,141.757516666667
"20","C","H.l.","P+L","Grass","epi",117.6340833,0.409216263,0.203167641,20.31676411,-28.83100589,1.074271154,5.000839806,500.0839806,-29.06380544,"epi",303.268406666667,-39.4078233333328
"20","C","H.l.","P+L","Grass","epi",117.6340833,0.409216263,0.203167641,20.31676411,-28.83100589,1.074271154,5.000839806,500.0839806,-29.06380544,"epi",303.268406666667,-39.4078233333328
"20","C","H.l.","P+L","Grass","epi",117.6340833,0.409216263,0.203167641,20.31676411,-28.83100589,1.074271154,5.000839806,500.0839806,-29.06380544,"epi",303.268406666667,-39.4078233333328
"21","C","G.v.","P+L","Forb","epi",101.8270833,0.403451958,0.372246227,-18.61231135,-27.56409789,1.075586278,4.380902354,-219.0451177,-27.7313302,"epi",245.625356666667,-26.2565833333328
"21","C","G.v.","P+L","Forb","epi",101.8270833,0.403451958,0.372246227,-18.61231135,-27.56409789,1.075586278,4.380902354,-219.0451177,-27.7313302,"epi",245.625356666667,-26.2565833333328
"21","C","G.v.","P+L","Forb","epi",101.8270833,0.403451958,0.372246227,-18.61231135,-27.56409789,1.075586278,4.380902354,-219.0451177,-27.7313302,"epi",245.625356666667,-26.2565833333328
"23","C","P.l.","P+L","Forb","epi",150.2290833,0.421100507,0.66609406,33.30470301,-23.50408989,1.079800567,4.526817419,226.3408709,-23.28195092,"epi",422.110846666667,15.8863066666659
"23","C","P.l.","P+L","Forb","epi",150.2290833,0.421100507,0.66609406,33.30470301,-23.50408989,1.079800567,4.526817419,226.3408709,-23.28195092,"epi",422.110846666667,15.8863066666659
"23","C","P.l.","P+L","Forb","epi",150.2290833,0.421100507,0.66609406,33.30470301,-23.50408989,1.079800567,4.526817419,226.3408709,-23.28195092,"epi",422.110846666667,15.8863066666659
"24","C","C.n.","P+L","Forb","epi",36.84008333,0.379746272,0.266234187,26.6234187,-20.61402189,1.08280024,3.152367517,315.2367517,-19.70137311,"epi",8.56849666666659,45.8830366666674
"24","C","C.n.","P+L","Forb","epi",36.84008333,0.379746272,0.266234187,26.6234187,-20.61402189,1.08280024,3.152367517,315.2367517,-19.70137311,"epi",8.56849666666659,45.8830366666674
"24","C","C.n.","P+L","Forb","epi",36.84008333,0.379746272,0.266234187,26.6234187,-20.61402189,1.08280024,3.152367517,315.2367517,-19.70137311,"epi",8.56849666666659,45.8830366666674
"25","C","R.a.","P+L","Forb","epi",63.40108333,0.389436446,0.34911262,34.91126204,-26.70930389,1.076473585,3.716164246,371.6164246,-26.81475889,"epi",105.470236666667,-17.3835133333333
"25","C","R.a.","P+L","Forb","epi",63.40108333,0.389436446,0.34911262,34.91126204,-26.70930389,1.076473585,3.716164246,371.6164246,-26.81475889,"epi",105.470236666667,-17.3835133333333
"25","C","R.a.","P+L","Forb","epi",63.40108333,0.389436446,0.34911262,34.91126204,-26.70930389,1.076473585,3.716164246,371.6164246,-26.81475889,"epi",105.470236666667,-17.3835133333333
"26","C","M.a.","P+L","Legumes","epi",NA,NA,NA,NA,-27.56515189,1.075585184,1.620853953,-27.01423255,-28.37401039,"epi",NA,-26.2675233333343
"26","C","M.a.","P+L","Legumes","epi",NA,NA,NA,NA,-27.56515189,1.075585184,1.620853953,-27.01423255,-28.37401039,"epi",NA,-26.2675233333343
"26","C","M.a.","P+L","Legumes","epi",NA,NA,NA,NA,-27.56515189,1.075585184,1.620853953,-27.01423255,-28.37401039,"epi",NA,-26.2675233333343
"27","C","T.p.","P+L","Legumes","epi",24.76308333,0.375339632,0.501326257,NA,-6.545229895,1.097399985,3.858891252,NA,-4.155756693,"epi",-35.4979033333336,191.880486666667
"27","C","T.p.","P+L","Legumes","epi",24.76308333,0.375339632,0.501326257,NA,-6.545229895,1.097399985,3.858891252,NA,-4.155756693,"epi",-35.4979033333336,191.880486666667
"27","C","T.p.","P+L","Legumes","epi",24.76308333,0.375339632,0.501326257,NA,-6.545229895,1.097399985,3.858891252,NA,-4.155756693,"epi",-35.4979033333336,191.880486666667
"28","C","L.c.","P+L","Legumes","epi",36.58208333,0.379652138,0.060621686,-6.062168577,-29.19568989,1.073892584,4.347312904,-434.7312904,-29.52931325,"epi",7.62715666666636,-43.1935233333336
"28","C","L.c.","P+L","Legumes","epi",36.58208333,0.379652138,0.060621686,-6.062168577,-29.19568989,1.073892584,4.347312904,-434.7312904,-29.52931325,"epi",7.62715666666636,-43.1935233333336
"28","C","L.c.","P+L","Legumes","epi",36.58208333,0.379652138,0.060621686,-6.062168577,-29.19568989,1.073892584,4.347312904,-434.7312904,-29.52931325,"epi",7.62715666666636,-43.1935233333336
"30","C","T.r.","P+L","Legumes","epi",20.71808333,0.37386361,0.128144363,-12.81443629,-27.45553589,1.07569897,2.995351667,-299.5351667,-27.73968809,"epi",-50.2581233333332,-25.1296633333342
"30","C","T.r.","P+L","Legumes","epi",20.71808333,0.37386361,0.128144363,-12.81443629,-27.45553589,1.07569897,2.995351667,-299.5351667,-27.73968809,"epi",-50.2581233333332,-25.1296633333342
"30","C","T.r.","P+L","Legumes","epi",20.71808333,0.37386361,0.128144363,-12.81443629,-27.45553589,1.07569897,2.995351667,-299.5351667,-27.73968809,"epi",-50.2581233333332,-25.1296633333342
"33","C","A.o.","L","Grass","epi",155.9270833,0.423177725,1.438467059,11.98722549,-25.96412589,1.077247092,8.298883328,69.15736106,-25.97435653,"epi",442.883026666667,-9.64844333333437
"33","C","A.o.","L","Grass","epi",155.9270833,0.423177725,1.438467059,11.98722549,-25.96412589,1.077247092,8.298883328,69.15736106,-25.97435653,"epi",442.883026666667,-9.64844333333437
"33","C","A.o.","L","Grass","epi",155.9270833,0.423177725,1.438467059,11.98722549,-25.96412589,1.077247092,8.298883328,69.15736106,-25.97435653,"epi",442.883026666667,-9.64844333333437
"35","C","H.l.","L","Grass","epi",286.0030833,0.470573654,0.38676552,-38.67655205,-26.22867989,1.076972482,4.018727461,-401.8727461,-26.26708686,"epi",916.842316666667,-12.3945433333339
"35","C","H.l.","L","Grass","epi",286.0030833,0.470573654,0.38676552,-38.67655205,-26.22867989,1.076972482,4.018727461,-401.8727461,-26.26708686,"epi",916.842316666667,-12.3945433333339
"35","C","H.l.","L","Grass","epi",286.0030833,0.470573654,0.38676552,-38.67655205,-26.22867989,1.076972482,4.018727461,-401.8727461,-26.26708686,"epi",916.842316666667,-12.3945433333339
"36","C","G.v.","L","Forb","epi",205.7170833,0.441325091,0.253233571,NA,-19.61904589,1.083832908,3.929368631,NA,-18.86703294,"epi",624.356686666667,56.2097166666664
"36","C","G.v.","L","Forb","epi",205.7170833,0.441325091,0.253233571,NA,-19.61904589,1.083832908,3.929368631,NA,-18.86703294,"epi",624.356686666667,56.2097166666664
"36","C","G.v.","L","Forb","epi",205.7170833,0.441325091,0.253233571,NA,-19.61904589,1.083832908,3.929368631,NA,-18.86703294,"epi",624.356686666667,56.2097166666664
"42","C","T.p.","L","Legumes","epi",312.8650833,0.480355769,0.395757766,13.19192554,-24.93331389,1.078317074,3.596701718,119.8900573,-24.79763211,"epi",1014.66346666667,1.05137666666755
"42","C","T.p.","L","Legumes","epi",312.8650833,0.480355769,0.395757766,13.19192554,-24.93331389,1.078317074,3.596701718,119.8900573,-24.79763211,"epi",1014.66346666667,1.05137666666755
"42","C","T.p.","L","Legumes","epi",312.8650833,0.480355769,0.395757766,13.19192554,-24.93331389,1.078317074,3.596701718,119.8900573,-24.79763211,"epi",1014.66346666667,1.05137666666755
"43","C","L.c.","L","Legumes","epi",179.1620833,0.431647198,0.682278328,-68.22783281,-14.96563589,1.088662313,6.062357243,-606.2357243,-14.39238898,"epi",527.577756666667,104.503766666666
"43","C","L.c.","L","Legumes","epi",179.1620833,0.431647198,0.682278328,-68.22783281,-14.96563589,1.088662313,6.062357243,-606.2357243,-14.39238898,"epi",527.577756666667,104.503766666666
"43","C","L.c.","L","Legumes","epi",179.1620833,0.431647198,0.682278328,-68.22783281,-14.96563589,1.088662313,6.062357243,-606.2357243,-14.39238898,"epi",527.577756666667,104.503766666666
"44","C","M.s.","L","Legumes","epi",79.98508333,0.395485784,2.374429398,16.96020999,68.66715611,1.175377825,11.39131177,81.36651264,68.80007248,"epi",165.963616666667,971.658886666666
"44","C","M.s.","L","Legumes","epi",79.98508333,0.395485784,2.374429398,16.96020999,68.66715611,1.175377825,11.39131177,81.36651264,68.80007248,"epi",165.963616666667,971.658886666666
"44","C","M.s.","L","Legumes","epi",79.98508333,0.395485784,2.374429398,16.96020999,68.66715611,1.175377825,11.39131177,81.36651264,68.80007248,"epi",165.963616666667,971.658886666666
"1","A","N.s.","P","Grass","gam",27.968,0.376509076,0.618699702,-61.86997023,-16.14952617,1.087079957,7.841113682,-784.1113682,-15.03033119,"gam",-252.373256,91.5085640000002
"1","A","N.s.","P","Grass","gam",27.968,0.376509076,0.618699702,-61.86997023,-16.14952617,1.087079957,7.841113682,-784.1113682,-15.03033119,"gam",-252.373256,91.5085640000002
"1","A","N.s.","P","Grass","gam",27.968,0.376509076,0.618699702,-61.86997023,-16.14952617,1.087079957,7.841113682,-784.1113682,-15.03033119,"gam",-252.373256,91.5085640000002
"2","A","F.o.","P","Grass","gam",106.246,0.405063462,0.809608369,13.49347282,-19.39743317,1.083823475,7.526746815,125.4457802,-18.61220167,"gam",33.1706039999996,58.9437439999996
"2","A","F.o.","P","Grass","gam",106.246,0.405063462,0.809608369,13.49347282,-19.39743317,1.083823475,7.526746815,125.4457802,-18.61220167,"gam",33.1706039999996,58.9437439999996
"2","A","F.o.","P","Grass","gam",106.246,0.405063462,0.809608369,13.49347282,-19.39743317,1.083823475,7.526746815,125.4457802,-18.61220167,"gam",33.1706039999996,58.9437439999996
"3","A","A.o.","P","Grass","gam",114.923,0.408227666,0.985286918,98.52869182,-26.50093417,1.076700471,12.45941978,1245.941978,-26.53530529,"gam",64.8126439999996,-12.2862959999992
"3","A","A.o.","P","Grass","gam",114.923,0.408227666,0.985286918,98.52869182,-26.50093417,1.076700471,12.45941978,1245.941978,-26.53530529,"gam",64.8126439999996,-12.2862959999992
"3","A","A.o.","P","Grass","gam",114.923,0.408227666,0.985286918,98.52869182,-26.50093417,1.076700471,12.45941978,1245.941978,-26.53530529,"gam",64.8126439999996,-12.2862959999992
"4","A","D.g.","P","Grass","gam",150.7321,0.421283887,0.494503582,8.24172636,-7.845652417,1.095404781,4.227196267,70.45327112,-3.607938281,"gam",195.374854,174.756804
"4","A","D.g.","P","Grass","gam",150.7321,0.421283887,0.494503582,8.24172636,-7.845652417,1.095404781,4.227196267,70.45327112,-3.607938281,"gam",195.374854,174.756804
"4","A","D.g.","P","Grass","gam",150.7321,0.421283887,0.494503582,8.24172636,-7.845652417,1.095404781,4.227196267,70.45327112,-3.607938281,"gam",195.374854,174.756804
"4","A","D.g.","P","Grass","gam",39.7971,0.380825166,0.780137911,11.1448273,-26.35337642,1.076848444,10.34826425,147.8323464,-26.38298401,"gam",-209.212356,-10.8065660000012
"4","A","D.g.","P","Grass","gam",39.7971,0.380825166,0.780137911,11.1448273,-26.35337642,1.076848444,10.34826425,147.8323464,-26.38298401,"gam",-209.212356,-10.8065660000012
"4","A","D.g.","P","Grass","gam",39.7971,0.380825166,0.780137911,11.1448273,-26.35337642,1.076848444,10.34826425,147.8323464,-26.38298401,"gam",-209.212356,-10.8065660000012
"6","A","G.v.","P","Forb","gam",72.6591,0.392813579,0.281543362,7.038584049,-25.04963142,1.078155842,5.015275476,125.3818869,-24.86926483,"gam",-89.328226,2.26741399999897
"6","A","G.v.","P","Forb","gam",72.6591,0.392813579,0.281543362,7.038584049,-25.04963142,1.078155842,5.015275476,125.3818869,-24.86926483,"gam",-89.328226,2.26741399999897
"6","A","G.v.","P","Forb","gam",72.6591,0.392813579,0.281543362,7.038584049,-25.04963142,1.078155842,5.015275476,125.3818869,-24.86926483,"gam",-89.328226,2.26741399999897
"7","A","C.r.","P","Forb","gam",83.7041,0.396842267,0.282174193,14.10870967,-15.42373842,1.087807632,2.729205821,136.4602911,-11.03799109,"gam",-49.041346,98.7853140000006
"7","A","C.r.","P","Forb","gam",83.7041,0.396842267,0.282174193,14.10870967,-15.42373842,1.087807632,2.729205821,136.4602911,-11.03799109,"gam",-49.041346,98.7853140000006
"7","A","C.r.","P","Forb","gam",83.7041,0.396842267,0.282174193,14.10870967,-15.42373842,1.087807632,2.729205821,136.4602911,-11.03799109,"gam",-49.041346,98.7853140000006
"8","A","P.l.","P","Forb","gam",71.257,0.392302137,0.84812988,42.40649398,-23.76579717,1.079443239,11.72440727,586.2203634,-23.60218534,"gam",-94.4426460000003,15.1413839999992
"8","A","P.l.","P","Forb","gam",71.257,0.392302137,0.84812988,42.40649398,-23.76579717,1.079443239,11.72440727,586.2203634,-23.60218534,"gam",-94.4426460000003,15.1413839999992
"8","A","P.l.","P","Forb","gam",71.257,0.392302137,0.84812988,42.40649398,-23.76579717,1.079443239,11.72440727,586.2203634,-23.60218534,"gam",-94.4426460000003,15.1413839999992
"9","A","C.n.","P","Forb","gam",5.965,0.368479834,0.577815594,5.252869035,-26.58603217,1.076615133,5.672406599,51.56733272,-26.68225274,"gam",-332.665676,-13.1396760000002
"9","A","C.n.","P","Forb","gam",5.965,0.368479834,0.577815594,5.252869035,-26.58603217,1.076615133,5.672406599,51.56733272,-26.68225274,"gam",-332.665676,-13.1396760000002
"9","A","C.n.","P","Forb","gam",5.965,0.368479834,0.577815594,5.252869035,-26.58603217,1.076615133,5.672406599,51.56733272,-26.68225274,"gam",-332.665676,-13.1396760000002
"10","A","R.a.","P","Forb","gam",114.1091,0.407930873,0.201874444,0.117368863,-27.53056542,1.075667928,4.322909202,2.513319303,-27.87813394,"gam",61.844714,-22.6117259999992
"10","A","R.a.","P","Forb","gam",114.1091,0.407930873,0.201874444,0.117368863,-27.53056542,1.075667928,4.322909202,2.513319303,-27.87813394,"gam",61.844714,-22.6117259999992
"10","A","R.a.","P","Forb","gam",114.1091,0.407930873,0.201874444,0.117368863,-27.53056542,1.075667928,4.322909202,2.513319303,-27.87813394,"gam",61.844714,-22.6117259999992
"12","A","T.p.","P","Legumes","gam",151.5231,0.421572251,0.487049442,-2.435247208,-10.12038742,1.093124447,3.758511007,-18.79255503,-5.826440212,"gam",198.258494,151.953464000001
"12","A","T.p.","P","Legumes","gam",151.5231,0.421572251,0.487049442,-2.435247208,-10.12038742,1.093124447,3.758511007,-18.79255503,-5.826440212,"gam",198.258494,151.953464000001
"12","A","T.p.","P","Legumes","gam",151.5231,0.421572251,0.487049442,-2.435247208,-10.12038742,1.093124447,3.758511007,-18.79255503,-5.826440212,"gam",198.258494,151.953464000001
"13","A","L.c.","P","Legumes","gam",10.0291,0.369962986,0.136040322,-13.60403218,-27.38873542,1.07581016,2.335679657,-233.5679657,-28.11218599,"gam",-317.834156,-21.1894059999995
"13","A","L.c.","P","Legumes","gam",10.0291,0.369962986,0.136040322,-13.60403218,-27.38873542,1.07581016,2.335679657,-233.5679657,-28.11218599,"gam",-317.834156,-21.1894059999995
"13","A","L.c.","P","Legumes","gam",10.0291,0.369962986,0.136040322,-13.60403218,-27.38873542,1.07581016,2.335679657,-233.5679657,-28.11218599,"gam",-317.834156,-21.1894059999995
"14","A","M.s.","P","Legumes","gam",76.4831,0.394208428,0.261420239,4.357003981,-21.97192042,1.081242038,3.440176447,57.33627412,-20.75137182,"gam",-75.3797360000002,33.1293740000005
"14","A","M.s.","P","Legumes","gam",76.4831,0.394208428,0.261420239,4.357003981,-21.97192042,1.081242038,3.440176447,57.33627412,-20.75137182,"gam",-75.3797360000002,33.1293740000005
"14","A","M.s.","P","Legumes","gam",76.4831,0.394208428,0.261420239,4.357003981,-21.97192042,1.081242038,3.440176447,57.33627412,-20.75137182,"gam",-75.3797360000002,33.1293740000005
"15","A","T.r.","P","Legumes","gam",19.567,0.373443571,0.943984722,31.46615739,-26.48675117,1.076714694,7.338512763,244.6170921,-26.54630614,"gam",-283.028306,-12.1440659999994
"15","A","T.r.","P","Legumes","gam",19.567,0.373443571,0.943984722,31.46615739,-26.48675117,1.076714694,7.338512763,244.6170921,-26.54630614,"gam",-283.028306,-12.1440659999994
"15","A","T.r.","P","Legumes","gam",19.567,0.373443571,0.943984722,31.46615739,-26.48675117,1.076714694,7.338512763,244.6170921,-26.54630614,"gam",-283.028306,-12.1440659999994
"17","A","F.o.","P+L","Grass","gam",414.5131,0.517354697,0.403942585,20.19712926,-13.58213042,1.08965398,3.909040186,195.4520093,-10.38683699,"gam",1156.082954,117.248794
"17","A","F.o.","P+L","Grass","gam",414.5131,0.517354697,0.403942585,20.19712926,-13.58213042,1.08965398,3.909040186,195.4520093,-10.38683699,"gam",1156.082954,117.248794
"17","A","F.o.","P+L","Grass","gam",414.5131,0.517354697,0.403942585,20.19712926,-13.58213042,1.08965398,3.909040186,195.4520093,-10.38683699,"gam",1156.082954,117.248794
"18","A","A.o.","P+L","Grass","gam",151.0921,0.421415127,0.114240282,5.712014105,-24.78124542,1.078424975,4.07109456,203.554728,-24.48317893,"gam",196.687254,4.95874399999874
"18","A","A.o.","P+L","Grass","gam",151.0921,0.421415127,0.114240282,5.712014105,-24.78124542,1.078424975,4.07109456,203.554728,-24.48317893,"gam",196.687254,4.95874399999874
"18","A","A.o.","P+L","Grass","gam",151.0921,0.421415127,0.114240282,5.712014105,-24.78124542,1.078424975,4.07109456,203.554728,-24.48317893,"gam",196.687254,4.95874399999874
"19","A","D.g.","P+L","Grass","gam",367.9201,0.500398696,0.242667965,0.051852129,-26.39374342,1.076807964,5.114115413,1.092759704,-26.46675832,"gam",986.522944,-11.2113660000013
"19","A","D.g.","P+L","Grass","gam",367.9201,0.500398696,0.242667965,0.051852129,-26.39374342,1.076807964,5.114115413,1.092759704,-26.46675832,"gam",986.522944,-11.2113660000013
"19","A","D.g.","P+L","Grass","gam",367.9201,0.500398696,0.242667965,0.051852129,-26.39374342,1.076807964,5.114115413,1.092759704,-26.46675832,"gam",986.522944,-11.2113660000013
"20","A","H.l.","P+L","Grass","gam",234.9321,0.451970247,0.420589441,14.01964803,-23.05855642,1.080152428,3.239993132,107.9997711,-22.09414597,"gam",502.238454,22.2332740000009
"20","A","H.l.","P+L","Grass","gam",234.9321,0.451970247,0.420589441,14.01964803,-23.05855642,1.080152428,3.239993132,107.9997711,-22.09414597,"gam",502.238454,22.2332740000009
"20","A","H.l.","P+L","Grass","gam",234.9321,0.451970247,0.420589441,14.01964803,-23.05855642,1.080152428,3.239993132,107.9997711,-22.09414597,"gam",502.238454,22.2332740000009
"21","A","G.v.","P+L","Forb","gam",75.7731,0.39394945,0.948614021,8.623763825,-24.86634342,1.07833964,7.268586987,66.07806352,-24.72613888,"gam",-77.9695160000005,4.10539400000021
"21","A","G.v.","P+L","Forb","gam",75.7731,0.39394945,0.948614021,8.623763825,-24.86634342,1.07833964,7.268586987,66.07806352,-24.72613888,"gam",-77.9695160000005,4.10539400000021
"21","A","G.v.","P+L","Forb","gam",75.7731,0.39394945,0.948614021,8.623763825,-24.86634342,1.07833964,7.268586987,66.07806352,-24.72613888,"gam",-77.9695160000005,4.10539400000021
"23","A","P.l.","P+L","Forb","gam",312.951,0.480387053,2.158588997,53.96472492,-22.64097617,1.080571154,14.85385995,371.3464987,-22.44976755,"gam",786.406514,26.4205340000001
"23","A","P.l.","P+L","Forb","gam",312.951,0.480387053,2.158588997,53.96472492,-22.64097617,1.080571154,14.85385995,371.3464987,-22.44976755,"gam",786.406514,26.4205340000001
"23","A","P.l.","P+L","Forb","gam",312.951,0.480387053,2.158588997,53.96472492,-22.64097617,1.080571154,14.85385995,371.3464987,-22.44976755,"gam",786.406514,26.4205340000001
"24","A","C.n.","P+L","Forb","gam",26.3871,0.375932223,0.088533881,-0.983709791,-26.70795142,1.07649287,2.109659831,-23.44066478,-27.14040045,"gam",-258.141786,-14.3623059999998
"24","A","C.n.","P+L","Forb","gam",26.3871,0.375932223,0.088533881,-0.983709791,-26.70795142,1.07649287,2.109659831,-23.44066478,-27.14040045,"gam",-258.141786,-14.3623059999998
"24","A","C.n.","P+L","Forb","gam",26.3871,0.375932223,0.088533881,-0.983709791,-26.70795142,1.07649287,2.109659831,-23.44066478,-27.14040045,"gam",-258.141786,-14.3623059999998
"25","A","R.a.","P+L","Forb","gam",218.7651,0.446079714,0.309761167,10.32537223,-28.39245542,1.074803584,4.803184532,160.1061511,-28.87056586,"gam",443.333124,-31.2551659999993
"25","A","R.a.","P+L","Forb","gam",218.7651,0.446079714,0.309761167,10.32537223,-28.39245542,1.074803584,4.803184532,160.1061511,-28.87056586,"gam",443.333124,-31.2551659999993
"25","A","R.a.","P+L","Forb","gam",218.7651,0.446079714,0.309761167,10.32537223,-28.39245542,1.074803584,4.803184532,160.1061511,-28.87056586,"gam",443.333124,-31.2551659999993
"26","A","M.a.","P+L","Legumes","gam",194.6841,0.437304381,0.293042959,-0.035306381,-19.28915142,1.083932046,3.8829835,-0.467829337,-17.54776069,"gam",355.579794,60.029453999999
"26","A","M.a.","P+L","Legumes","gam",194.6841,0.437304381,0.293042959,-0.035306381,-19.28915142,1.083932046,3.8829835,-0.467829337,-17.54776069,"gam",355.579794,60.029453999999
"26","A","M.a.","P+L","Legumes","gam",194.6841,0.437304381,0.293042959,-0.035306381,-19.28915142,1.083932046,3.8829835,-0.467829337,-17.54776069,"gam",355.579794,60.029453999999
"27","A","T.p.","P+L","Legumes","gam",192.4611,0.436494222,0.737287277,6.702611607,-16.60856442,1.08661972,6.176609834,56.15099849,-15.21118787,"gam",347.478204,86.9061940000004
"27","A","T.p.","P+L","Legumes","gam",192.4611,0.436494222,0.737287277,6.702611607,-16.60856442,1.08661972,6.176609834,56.15099849,-15.21118787,"gam",347.478204,86.9061940000004
"27","A","T.p.","P+L","Legumes","gam",192.4611,0.436494222,0.737287277,6.702611607,-16.60856442,1.08661972,6.176609834,56.15099849,-15.21118787,"gam",347.478204,86.9061940000004
"28","A","L.c.","P+L","Legumes","gam",208.9791,0.442513794,0.421236899,10.53092247,-22.46505242,1.080747559,5.460419045,136.5104761,-21.85824903,"gam",407.673924,28.1845839999995
"28","A","L.c.","P+L","Legumes","gam",208.9791,0.442513794,0.421236899,10.53092247,-22.46505242,1.080747559,5.460419045,136.5104761,-21.85824903,"gam",407.673924,28.1845839999995
"28","A","L.c.","P+L","Legumes","gam",208.9791,0.442513794,0.421236899,10.53092247,-22.46505242,1.080747559,5.460419045,136.5104761,-21.85824903,"gam",407.673924,28.1845839999995
"29","A","M.s.","P+L","Legumes","gam",512.829,0.553114603,0.80603515,7.327592269,-27.17408117,1.076025423,9.628929494,87.53572267,-27.28046608,"gam",1513.682014,-19.036776000001
"29","A","M.s.","P+L","Legumes","gam",512.829,0.553114603,0.80603515,7.327592269,-27.17408117,1.076025423,9.628929494,87.53572267,-27.28046608,"gam",1513.682014,-19.036776000001
"29","A","M.s.","P+L","Legumes","gam",512.829,0.553114603,0.80603515,7.327592269,-27.17408117,1.076025423,9.628929494,87.53572267,-27.28046608,"gam",1513.682014,-19.036776000001
"30","A","T.r.","P+L","Legumes","gam",112.315,0.407276639,0.456758698,2.686815873,-25.64122617,1.077562594,6.568724151,38.63955383,-25.59147183,"gam",55.3023739999997,-3.66506600000038
"30","A","T.r.","P+L","Legumes","gam",112.315,0.407276639,0.456758698,2.686815873,-25.64122617,1.077562594,6.568724151,38.63955383,-25.59147183,"gam",55.3023739999997,-3.66506600000038
"30","A","T.r.","P+L","Legumes","gam",112.315,0.407276639,0.456758698,2.686815873,-25.64122617,1.077562594,6.568724151,38.63955383,-25.59147183,"gam",55.3023739999997,-3.66506600000038
"32","A","F.o.","L","Grass","gam",162.1221,0.425436034,0.204331759,6.811058626,-27.81204342,1.07538565,4.087415646,136.2471882,-28.25300826,"gam",236.896324,-25.4345059999994
"32","A","F.o.","L","Grass","gam",162.1221,0.425436034,0.204331759,6.811058626,-27.81204342,1.07538565,4.087415646,136.2471882,-28.25300826,"gam",236.896324,-25.4345059999994
"32","A","F.o.","L","Grass","gam",162.1221,0.425436034,0.204331759,6.811058626,-27.81204342,1.07538565,4.087415646,136.2471882,-28.25300826,"gam",236.896324,-25.4345059999994
"33","A","A.o.","L","Grass","gam",458.2521,0.53326682,0.397557277,-0.044419807,-25.28965142,1.077915152,3.475329021,-0.388304919,-25.07723685,"gam",1315.204184,-0.139485999999245
"33","A","A.o.","L","Grass","gam",458.2521,0.53326682,0.397557277,-0.044419807,-25.28965142,1.077915152,3.475329021,-0.388304919,-25.07723685,"gam",1315.204184,-0.139485999999245
"33","A","A.o.","L","Grass","gam",458.2521,0.53326682,0.397557277,-0.044419807,-25.28965142,1.077915152,3.475329021,-0.388304919,-25.07723685,"gam",1315.204184,-0.139485999999245
"34","A","D.g.","L","Grass","gam",159.2381,0.424384724,0.370677793,7.413555864,-23.66842542,1.07954088,4.98241076,99.64821521,-23.22244826,"gam",226.383224,16.117793999999
"34","A","D.g.","L","Grass","gam",159.2381,0.424384724,0.370677793,7.413555864,-23.66842542,1.07954088,4.98241076,99.64821521,-23.22244826,"gam",226.383224,16.117793999999
"34","A","D.g.","L","Grass","gam",159.2381,0.424384724,0.370677793,7.413555864,-23.66842542,1.07954088,4.98241076,99.64821521,-23.22244826,"gam",226.383224,16.117793999999
"35","A","H.l.","L","Grass","gam",788.0311,0.653075801,2.497157051,14.68915913,-26.57921342,1.076621971,10.88743327,64.04372514,-26.62514886,"gam",2513.293994,-13.0712960000001
"35","A","H.l.","L","Grass","gam",788.0311,0.653075801,2.497157051,14.68915913,-26.57921342,1.076621971,10.88743327,64.04372514,-26.62514886,"gam",2513.293994,-13.0712960000001
"35","A","H.l.","L","Grass","gam",788.0311,0.653075801,2.497157051,14.68915913,-26.57921342,1.076621971,10.88743327,64.04372514,-26.62514886,"gam",2513.293994,-13.0712960000001
"36","A","G.v.","L","Forb","gam",454.162,0.531779069,1.748021613,34.96043225,-25.91506717,1.077287985,11.63601095,232.720219,-25.90879675,"gam",1300.326674,-6.41115600000131
"36","A","G.v.","L","Forb","gam",454.162,0.531779069,1.748021613,34.96043225,-25.91506717,1.077287985,11.63601095,232.720219,-25.90879675,"gam",1300.326674,-6.41115600000131
"36","A","G.v.","L","Forb","gam",454.162,0.531779069,1.748021613,34.96043225,-25.91506717,1.077287985,11.63601095,232.720219,-25.90879675,"gam",1300.326674,-6.41115600000131
"38","A","P.l.","L","Forb","gam",226.2111,0.448792791,0.409486986,10.23717464,-25.75114442,1.077452368,4.021625934,100.5406483,-25.68934815,"gam",470.463894,-4.76732599999918
"38","A","P.l.","L","Forb","gam",226.2111,0.448792791,0.409486986,10.23717464,-25.75114442,1.077452368,4.021625934,100.5406483,-25.68934815,"gam",470.463894,-4.76732599999918
"38","A","P.l.","L","Forb","gam",226.2111,0.448792791,0.409486986,10.23717464,-25.75114442,1.077452368,4.021625934,100.5406483,-25.68934815,"gam",470.463894,-4.76732599999918
"39","A","C.n.","L","Forb","gam",210.9181,0.443220367,0.402462727,13.41542424,-24.08955142,1.079118589,3.663746085,122.1248695,-23.55585925,"gam",414.739654,11.8948839999988
"39","A","C.n.","L","Forb","gam",210.9181,0.443220367,0.402462727,13.41542424,-24.08955142,1.079118589,3.663746085,122.1248695,-23.55585925,"gam",414.739654,11.8948839999988
"39","A","C.n.","L","Forb","gam",210.9181,0.443220367,0.402462727,13.41542424,-24.08955142,1.079118589,3.663746085,122.1248695,-23.55585925,"gam",414.739654,11.8948839999988
"40","A","R.a.","L","Forb","gam",901.9691,0.694402512,3.362351674,13.4494067,-24.82052142,1.07838559,13.21876908,52.87507633,-24.74454103,"gam",2926.561104,4.56489399999871
"40","A","R.a.","L","Forb","gam",901.9691,0.694402512,3.362351674,13.4494067,-24.82052142,1.07838559,13.21876908,52.87507633,-24.74454103,"gam",2926.561104,4.56489399999871
"40","A","R.a.","L","Forb","gam",901.9691,0.694402512,3.362351674,13.4494067,-24.82052142,1.07838559,13.21876908,52.87507633,-24.74454103,"gam",2926.561104,4.56489399999871
"42","A","T.p.","L","Legumes","gam",85.8001,0.39760675,0.136231862,4.541062059,-28.23971542,1.07495676,2.83948046,94.64934867,-29.11825893,"gam",-41.3965160000002,-29.7234059999996
"42","A","T.p.","L","Legumes","gam",85.8001,0.39760675,0.136231862,4.541062059,-28.23971542,1.07495676,2.83948046,94.64934867,-29.11825893,"gam",-41.3965160000002,-29.7234059999996
"42","A","T.p.","L","Legumes","gam",85.8001,0.39760675,0.136231862,4.541062059,-28.23971542,1.07495676,2.83948046,94.64934867,-29.11825893,"gam",-41.3965160000002,-29.7234059999996
"43","A","L.c.","L","Legumes","gam",351.816,0.49453679,1.498921489,24.98202481,-12.46303717,1.09077592,8.324090339,138.734839,-11.02371762,"gam",927.903884,128.468194
"43","A","L.c.","L","Legumes","gam",351.816,0.49453679,1.498921489,24.98202481,-12.46303717,1.09077592,8.324090339,138.734839,-11.02371762,"gam",927.903884,128.468194
"43","A","L.c.","L","Legumes","gam",351.816,0.49453679,1.498921489,24.98202481,-12.46303717,1.09077592,8.324090339,138.734839,-11.02371762,"gam",927.903884,128.468194
"44","A","M.s.","L","Legumes","gam",267.452,0.463816935,1.36126927,45.37564232,-17.76966117,1.085455572,10.28091546,342.6971821,-17.07518487,"gam",620.705334,75.2647140000007
"44","A","M.s.","L","Legumes","gam",267.452,0.463816935,1.36126927,45.37564232,-17.76966117,1.085455572,10.28091546,342.6971821,-17.07518487,"gam",620.705334,75.2647140000007
"44","A","M.s.","L","Legumes","gam",267.452,0.463816935,1.36126927,45.37564232,-17.76966117,1.085455572,10.28091546,342.6971821,-17.07518487,"gam",620.705334,75.2647140000007
"45","A","T.r.","L","Legumes","gam",500.0201,0.548457148,0.346479197,17.32395985,-25.21982742,1.077985171,4.739775398,236.9887699,-25.06140771,"gam",1467.107464,0.560703999998857
"45","A","T.r.","L","Legumes","gam",500.0201,0.548457148,0.346479197,17.32395985,-25.21982742,1.077985171,4.739775398,236.9887699,-25.06140771,"gam",1467.107464,0.560703999998857
"45","A","T.r.","L","Legumes","gam",500.0201,0.548457148,0.346479197,17.32395985,-25.21982742,1.077985171,4.739775398,236.9887699,-25.06140771,"gam",1467.107464,0.560703999998857
"46","A",NA,"T","Temoins","gam",38.2081,0.380245408,0.280777556,0.028021712,-26.09590042,1.077106644,4.271185155,0.426265984,-26.11800247,"gam",-215.009936,-8.22456600000132
"46","A",NA,"T","Temoins","gam",38.2081,0.380245408,0.280777556,0.028021712,-26.09590042,1.077106644,4.271185155,0.426265984,-26.11800247,"gam",-215.009936,-8.22456600000132
"46","A",NA,"T","Temoins","gam",38.2081,0.380245408,0.280777556,0.028021712,-26.09590042,1.077106644,4.271185155,0.426265984,-26.11800247,"gam",-215.009936,-8.22456600000132
"47","A",NA,"T","Temoins","gam",4.8781,0.368083174,0.237689004,23.76890044,-28.64011242,1.074555219,2.328547109,232.8547109,-30.02187548,"gam",-336.632276,-33.7388159999996
"47","A",NA,"T","Temoins","gam",4.8781,0.368083174,0.237689004,23.76890044,-28.64011242,1.074555219,2.328547109,232.8547109,-30.02187548,"gam",-336.632276,-33.7388159999996
"47","A",NA,"T","Temoins","gam",4.8781,0.368083174,0.237689004,23.76890044,-28.64011242,1.074555219,2.328547109,232.8547109,-30.02187548,"gam",-336.632276,-33.7388159999996
"2","B","F.o.","P","Grass","gam",54.031,0.386018201,0.093501598,1.870031964,-27.6254856,1.075476223,3.633182937,72.66365873,-27.91027059,"gam",-157.282006,-24.5287760000013
"2","B","F.o.","P","Grass","gam",54.031,0.386018201,0.093501598,1.870031964,-27.6254856,1.075476223,3.633182937,72.66365873,-27.91027059,"gam",-157.282006,-24.5287760000013
"2","B","F.o.","P","Grass","gam",54.031,0.386018201,0.093501598,1.870031964,-27.6254856,1.075476223,3.633182937,72.66365873,-27.91027059,"gam",-157.282006,-24.5287760000013
"4","B","D.g.","P","Grass","gam",77.028,0.394407184,0.447114563,4.471145631,-21.8450536,1.081664073,4.597090732,45.97090732,-21.32917661,"gam",-73.392176,37.3497239999998
"4","B","D.g.","P","Grass","gam",77.028,0.394407184,0.447114563,4.471145631,-21.8450536,1.081664073,4.597090732,45.97090732,-21.32917661,"gam",-73.392176,37.3497239999998
"4","B","D.g.","P","Grass","gam",77.028,0.394407184,0.447114563,4.471145631,-21.8450536,1.081664073,4.597090732,45.97090732,-21.32917661,"gam",-73.392176,37.3497239999998
"4","B","D.g.","P","Grass","gam",73.348,0.393064866,0.500386947,5.559854965,-24.3847236,1.078945497,4.020926313,44.67695903,-24.14734856,"gam",-86.8153560000001,10.1639640000006
"4","B","D.g.","P","Grass","gam",73.348,0.393064866,0.500386947,5.559854965,-24.3847236,1.078945497,4.020926313,44.67695903,-24.14734856,"gam",-86.8153560000001,10.1639640000006
"4","B","D.g.","P","Grass","gam",73.348,0.393064866,0.500386947,5.559854965,-24.3847236,1.078945497,4.020926313,44.67695903,-24.14734856,"gam",-86.8153560000001,10.1639640000006
"4","B","D.g.","P","Grass","gam",24.9644,0.375413091,0.261661865,-13.08309323,-27.18752453,1.07594508,4.641209392,-232.0604696,-27.33942275,"gam",-263.333106,-19.8402059999991
"4","B","D.g.","P","Grass","gam",24.9644,0.375413091,0.261661865,-13.08309323,-27.18752453,1.07594508,4.641209392,-232.0604696,-27.33942275,"gam",-263.333106,-19.8402059999991
"4","B","D.g.","P","Grass","gam",24.9644,0.375413091,0.261661865,-13.08309323,-27.18752453,1.07594508,4.641209392,-232.0604696,-27.33942275,"gam",-263.333106,-19.8402059999991
"4","B","D.g.","P","Grass","gam",18.7874,0.373159087,0.209943449,10.49717246,-27.14766653,1.07598775,4.104560673,205.2280337,-27.3202609,"gam",-285.873146,-19.4135060000011
"4","B","D.g.","P","Grass","gam",18.7874,0.373159087,0.209943449,10.49717246,-27.14766653,1.07598775,4.104560673,205.2280337,-27.3202609,"gam",-285.873146,-19.4135060000011
"4","B","D.g.","P","Grass","gam",18.7874,0.373159087,0.209943449,10.49717246,-27.14766653,1.07598775,4.104560673,205.2280337,-27.3202609,"gam",-285.873146,-19.4135060000011
"5","B","H.l.","P","Grass","gam",228.171,0.449506889,0.621648546,5.651350418,-20.6534016,1.082939619,5.974481524,54.3134684,-20.18924231,"gam",477.604874,50.105184
"5","B","H.l.","P","Grass","gam",228.171,0.449506889,0.621648546,5.651350418,-20.6534016,1.082939619,5.974481524,54.3134684,-20.18924231,"gam",477.604874,50.105184
"5","B","H.l.","P","Grass","gam",228.171,0.449506889,0.621648546,5.651350418,-20.6534016,1.082939619,5.974481524,54.3134684,-20.18924231,"gam",477.604874,50.105184
"6","B","G.v.","P","Forb","gam",78.922,0.395098025,0.149326327,7.466316351,-23.5466836,1.079842589,3.156952308,157.8476154,-23.04152123,"gam",-66.4837660000001,19.1348840000005
"6","B","G.v.","P","Forb","gam",78.922,0.395098025,0.149326327,7.466316351,-23.5466836,1.079842589,3.156952308,157.8476154,-23.04152123,"gam",-66.4837660000001,19.1348840000005
"6","B","G.v.","P","Forb","gam",78.922,0.395098025,0.149326327,7.466316351,-23.5466836,1.079842589,3.156952308,157.8476154,-23.04152123,"gam",-66.4837660000001,19.1348840000005
"7","B","C.r.","P","Forb","gam",144.286,0.418933851,0.235873011,3.931216852,-22.4040876,1.081065671,3.73673721,62.27895349,-21.81359833,"gam",171.874494,31.3657039999993
"7","B","C.r.","P","Forb","gam",144.286,0.418933851,0.235873011,3.931216852,-22.4040876,1.081065671,3.73673721,62.27895349,-21.81359833,"gam",171.874494,31.3657039999993
"7","B","C.r.","P","Forb","gam",144.286,0.418933851,0.235873011,3.931216852,-22.4040876,1.081065671,3.73673721,62.27895349,-21.81359833,"gam",171.874494,31.3657039999993
"8","B","P.l.","P","Forb","gam",34.102,0.378747238,0.180300759,1.639097813,-21.7224136,1.081795348,3.385983725,30.78167022,-20.91832094,"gam",-229.991636,38.6624739999997
"8","B","P.l.","P","Forb","gam",34.102,0.378747238,0.180300759,1.639097813,-21.7224136,1.081795348,3.385983725,30.78167022,-20.91832094,"gam",-229.991636,38.6624739999997
"8","B","P.l.","P","Forb","gam",34.102,0.378747238,0.180300759,1.639097813,-21.7224136,1.081795348,3.385983725,30.78167022,-20.91832094,"gam",-229.991636,38.6624739999997
"8","B","P.l.","P","Forb","gam",45.1444,0.382776115,4.456983844,15.91779944,-25.21915253,1.078052254,15.26918438,54.53280134,-25.209192,"gam",-189.702866000001,1.23153399999909
"8","B","P.l.","P","Forb","gam",45.1444,0.382776115,4.456983844,15.91779944,-25.21915253,1.078052254,15.26918438,54.53280134,-25.209192,"gam",-189.702866000001,1.23153399999909
"8","B","P.l.","P","Forb","gam",45.1444,0.382776115,4.456983844,15.91779944,-25.21915253,1.078052254,15.26918438,54.53280134,-25.209192,"gam",-189.702866000001,1.23153399999909
"9","B","C.n.","P","Forb","gam",14.765,0.371691248,0.353425472,3.534254721,-23.8379536,1.079530796,3.869607921,38.69607921,-23.5013774,"gam",-300.551536,16.0169539999999
"9","B","C.n.","P","Forb","gam",14.765,0.371691248,0.353425472,3.534254721,-23.8379536,1.079530796,3.869607921,38.69607921,-23.5013774,"gam",-300.551536,16.0169539999999
"9","B","C.n.","P","Forb","gam",14.765,0.371691248,0.353425472,3.534254721,-23.8379536,1.079530796,3.869607921,38.69607921,-23.5013774,"gam",-300.551536,16.0169539999999
"10","B","R.a.","P","Forb","gam",99.282,0.402523785,0.469326843,5.214742703,-18.5092456,1.085234644,5.823235833,64.70262037,-17.8333446,"gam",7.77383399999998,73.055434
"10","B","R.a.","P","Forb","gam",99.282,0.402523785,0.469326843,5.214742703,-18.5092456,1.085234644,5.823235833,64.70262037,-17.8333446,"gam",7.77383399999998,73.055434
"10","B","R.a.","P","Forb","gam",99.282,0.402523785,0.469326843,5.214742703,-18.5092456,1.085234644,5.823235833,64.70262037,-17.8333446,"gam",7.77383399999998,73.055434
"11","B","M.a.","P","Legumes","gam",21.099,0.374002608,0.397292774,6.621546226,-25.5651336,1.077681882,3.862159774,64.36932956,-25.50132985,"gam",-277.437936,-2.47218599999988
"11","B","M.a.","P","Legumes","gam",21.099,0.374002608,0.397292774,6.621546226,-25.5651336,1.077681882,3.862159774,64.36932956,-25.50132985,"gam",-277.437936,-2.47218599999988
"11","B","M.a.","P","Legumes","gam",21.099,0.374002608,0.397292774,6.621546226,-25.5651336,1.077681882,3.862159774,64.36932956,-25.50132985,"gam",-277.437936,-2.47218599999988
"11","B","M.a.","P","Legumes","gam",46.9464,0.383433553,0.464865384,15.49551279,-22.23797853,1.081243478,3.925839198,130.8613066,-21.6599634,"gam",-183.128486,33.1437739999996
"11","B","M.a.","P","Legumes","gam",46.9464,0.383433553,0.464865384,15.49551279,-22.23797853,1.081243478,3.925839198,130.8613066,-21.6599634,"gam",-183.128486,33.1437739999996
"11","B","M.a.","P","Legumes","gam",46.9464,0.383433553,0.464865384,15.49551279,-22.23797853,1.081243478,3.925839198,130.8613066,-21.6599634,"gam",-183.128486,33.1437739999996
"12","B","T.p.","P","Legumes","gam",20.881,0.373923059,0.557423369,11.14846739,-21.9533856,1.081548113,5.398320707,107.9664141,-21.55022697,"gam",-278.233426,36.1901239999995
"12","B","T.p.","P","Legumes","gam",20.881,0.373923059,0.557423369,11.14846739,-21.9533856,1.081548113,5.398320707,107.9664141,-21.55022697,"gam",-278.233426,36.1901239999995
"12","B","T.p.","P","Legumes","gam",20.881,0.373923059,0.557423369,11.14846739,-21.9533856,1.081548113,5.398320707,107.9664141,-21.55022697,"gam",-278.233426,36.1901239999995
"12","B","T.p.","P","Legumes","gam",30.6764,0.377497324,0.167644654,16.76446544,-26.38627653,1.07680284,3.963550222,NA,-26.45045652,"gam",-242.490776,-11.2626059999998
"12","B","T.p.","P","Legumes","gam",30.6764,0.377497324,0.167644654,16.76446544,-26.38627653,1.07680284,3.963550222,NA,-26.45045652,"gam",-242.490776,-11.2626059999998
"12","B","T.p.","P","Legumes","gam",30.6764,0.377497324,0.167644654,16.76446544,-26.38627653,1.07680284,3.963550222,NA,-26.45045652,"gam",-242.490776,-11.2626059999998
"14","B","M.s.","P","Legumes","gam",101.203,0.403224361,0.334062148,11.13540492,-5.9437556,1.098682136,3.456750188,115.2250063,-2.258991661,"gam",14.7795939999995,207.530354000001
"14","B","M.s.","P","Legumes","gam",101.203,0.403224361,0.334062148,11.13540492,-5.9437556,1.098682136,3.456750188,115.2250063,-2.258991661,"gam",14.7795939999995,207.530354000001
"14","B","M.s.","P","Legumes","gam",101.203,0.403224361,0.334062148,11.13540492,-5.9437556,1.098682136,3.456750188,115.2250063,-2.258991661,"gam",14.7795939999995,207.530354000001
"15","B","T.r.","P","Legumes","gam",69.846,0.391787442,4.912437587,12.92746734,-11.7732436,1.092443917,18.53784908,48.78381338,-11.61831944,"gam",-99.5895960000004,145.148164
"15","B","T.r.","P","Legumes","gam",69.846,0.391787442,4.912437587,12.92746734,-11.7732436,1.092443917,18.53784908,48.78381338,-11.61831944,"gam",-99.5895960000004,145.148164
"15","B","T.r.","P","Legumes","gam",69.846,0.391787442,4.912437587,12.92746734,-11.7732436,1.092443917,18.53784908,48.78381338,-11.61831944,"gam",-99.5895960000004,145.148164
"17","B","F.o.","P+L","Grass","gam",1.842,0.366975143,0.094246732,-0.014680176,-27.8084236,1.075280379,2.370436879,-0.369226928,-28.37493976,"gam",-347.712586,-26.4872159999996
"17","B","F.o.","P+L","Grass","gam",1.842,0.366975143,0.094246732,-0.014680176,-27.8084236,1.075280379,2.370436879,-0.369226928,-28.37493976,"gam",-347.712586,-26.4872159999996
"17","B","F.o.","P+L","Grass","gam",1.842,0.366975143,0.094246732,-0.014680176,-27.8084236,1.075280379,2.370436879,-0.369226928,-28.37493976,"gam",-347.712586,-26.4872159999996
"18","B","A.o.","P+L","Grass","gam",646.843,0.6018174,8.591785605,-1.050340538,-22.1128176,1.081377453,33.60397495,NA,-22.13173196,"gam",2000.709984,34.4835239999997
"18","B","A.o.","P+L","Grass","gam",646.843,0.6018174,8.591785605,-1.050340538,-22.1128176,1.081377453,33.60397495,NA,-22.13173196,"gam",2000.709984,34.4835239999997
"18","B","A.o.","P+L","Grass","gam",646.843,0.6018174,8.591785605,-1.050340538,-22.1128176,1.081377453,33.60397495,NA,-22.13173196,"gam",2000.709984,34.4835239999997
"19","B","D.g.","P+L","Grass","gam",295.667,0.474093105,3.781397713,12.19805714,-24.0801676,1.079271515,15.70707755,50.6679921,-24.05136337,"gam",723.467034,13.4241440000005
"19","B","D.g.","P+L","Grass","gam",295.667,0.474093105,3.781397713,12.19805714,-24.0801676,1.079271515,15.70707755,50.6679921,-24.05136337,"gam",723.467034,13.4241440000005
"19","B","D.g.","P+L","Grass","gam",295.667,0.474093105,3.781397713,12.19805714,-24.0801676,1.079271515,15.70707755,50.6679921,-24.05136337,"gam",723.467034,13.4241440000005
"20","B","H.l.","P+L","Grass","gam",319.936,0.482930407,0.403752981,20.18764905,-17.4361456,1.08638321,2.935539873,146.7769937,-15.47321181,"gam",811.840054,84.5410939999991
"20","B","H.l.","P+L","Grass","gam",319.936,0.482930407,0.403752981,20.18764905,-17.4361456,1.08638321,2.935539873,146.7769937,-15.47321181,"gam",811.840054,84.5410939999991
"20","B","H.l.","P+L","Grass","gam",319.936,0.482930407,0.403752981,20.18764905,-17.4361456,1.08638321,2.935539873,146.7769937,-15.47321181,"gam",811.840054,84.5410939999991
"21","B","G.v.","P+L","Forb","gam",129.321,0.413477678,0.305509818,6.110196366,-21.8358556,1.081673919,3.618559212,72.37118423,-21.12076502,"gam",117.312764,37.4481839999996
"21","B","G.v.","P+L","Forb","gam",129.321,0.413477678,0.305509818,6.110196366,-21.8358556,1.081673919,3.618559212,72.37118423,-21.12076502,"gam",117.312764,37.4481839999996
"21","B","G.v.","P+L","Forb","gam",129.321,0.413477678,0.305509818,6.110196366,-21.8358556,1.081673919,3.618559212,72.37118423,-21.12076502,"gam",117.312764,37.4481839999996
"21","B","G.v.","P+L","Forb","gam",1644.7214,0.962967535,3.158585159,14.35720527,-24.73779053,1.078567546,12.77152149,58.05237041,-24.70859718,"gam",5612.211334,6.3844539999991
"21","B","G.v.","P+L","Forb","gam",1644.7214,0.962967535,3.158585159,14.35720527,-24.73779053,1.078567546,12.77152149,58.05237041,-24.70859718,"gam",5612.211334,6.3844539999991
"21","B","G.v.","P+L","Forb","gam",1644.7214,0.962967535,3.158585159,14.35720527,-24.73779053,1.078567546,12.77152149,58.05237041,-24.70859718,"gam",5612.211334,6.3844539999991
"23","B","P.l.","P+L","Forb","gam",133.608,0.41504076,3.364638099,14.01932541,-23.7786776,1.079594249,13.63578065,56.81575271,-23.73095788,"gam",132.943584,16.6514839999987
"23","B","P.l.","P+L","Forb","gam",133.608,0.41504076,3.364638099,14.01932541,-23.7786776,1.079594249,13.63578065,56.81575271,-23.73095788,"gam",132.943584,16.6514839999987
"23","B","P.l.","P+L","Forb","gam",133.608,0.41504076,3.364638099,14.01932541,-23.7786776,1.079594249,13.63578065,56.81575271,-23.73095788,"gam",132.943584,16.6514839999987
"24","B","C.n.","P+L","Forb","gam",175.402,0.430276694,2.402701502,14.13353825,-22.9804956,1.080448664,10.00261234,58.83889613,-22.86154168,"gam",285.302924,25.1956339999992
"24","B","C.n.","P+L","Forb","gam",175.402,0.430276694,2.402701502,14.13353825,-22.9804956,1.080448664,10.00261234,58.83889613,-22.86154168,"gam",285.302924,25.1956339999992
"24","B","C.n.","P+L","Forb","gam",175.402,0.430276694,2.402701502,14.13353825,-22.9804956,1.080448664,10.00261234,58.83889613,-22.86154168,"gam",285.302924,25.1956339999992
"25","B","R.a.","P+L","Forb","gam",125.4674,0.412072575,0.490494646,0.071292826,13.28776347,1.119256484,3.910098323,0.568328245,19.40509132,"gam",103.261734,413.273834000001
"25","B","R.a.","P+L","Forb","gam",125.4674,0.412072575,0.490494646,0.071292826,13.28776347,1.119256484,3.910098323,0.568328245,19.40509132,"gam",103.261734,413.273834000001
"25","B","R.a.","P+L","Forb","gam",125.4674,0.412072575,0.490494646,0.071292826,13.28776347,1.119256484,3.910098323,0.568328245,19.40509132,"gam",103.261734,413.273834000001
"26","B","M.a.","P+L","Legumes","gam",228.6254,0.44967245,0.432004273,43.20042727,-22.44851053,1.081018119,4.011839693,401.1839693,-21.91890974,"gam",479.260484,30.8901840000009
"26","B","M.a.","P+L","Legumes","gam",228.6254,0.44967245,0.432004273,43.20042727,-22.44851053,1.081018119,4.011839693,401.1839693,-21.91890974,"gam",479.260484,30.8901840000009
"26","B","M.a.","P+L","Legumes","gam",228.6254,0.44967245,0.432004273,43.20042727,-22.44851053,1.081018119,4.011839693,401.1839693,-21.91890974,"gam",479.260484,30.8901840000009
"27","B","T.p.","P+L","Legumes","gam",157.3424,0.423693669,0.18548101,6.18270032,-20.88382853,1.082692972,2.883359478,96.11198259,-19.68395763,"gam",219.472674,47.6387140000001
"27","B","T.p.","P+L","Legumes","gam",157.3424,0.423693669,0.18548101,6.18270032,-20.88382853,1.082692972,2.883359478,96.11198259,-19.68395763,"gam",219.472674,47.6387140000001
"27","B","T.p.","P+L","Legumes","gam",157.3424,0.423693669,0.18548101,6.18270032,-20.88382853,1.082692972,2.883359478,96.11198259,-19.68395763,"gam",219.472674,47.6387140000001
"28","B","L.c.","P+L","Legumes","gam",384.9570833,0.50659942,0.390588397,39.05883973,-23.18367389,1.080133144,4.620033344,462.0033344,-22.94093181,"gam",1048.530184,22.0404339999991
"28","B","L.c.","P+L","Legumes","gam",384.9570833,0.50659942,0.390588397,39.05883973,-23.18367389,1.080133144,4.620033344,462.0033344,-22.94093181,"gam",1048.530184,22.0404339999991
"28","B","L.c.","P+L","Legumes","gam",384.9570833,0.50659942,0.390588397,39.05883973,-23.18367389,1.080133144,4.620033344,462.0033344,-22.94093181,"gam",1048.530184,22.0404339999991
"29","B","M.s.","P+L","Legumes","gam",197.2324,0.438233077,0.345943059,NA,-18.50767853,1.085236321,4.593502475,NA,-17.57246855,"gam",364.866754,73.0722039999998
"29","B","M.s.","P+L","Legumes","gam",197.2324,0.438233077,0.345943059,NA,-18.50767853,1.085236321,4.593502475,NA,-17.57246855,"gam",364.866754,73.0722039999998
"29","B","M.s.","P+L","Legumes","gam",197.2324,0.438233077,0.345943059,NA,-18.50767853,1.085236321,4.593502475,NA,-17.57246855,"gam",364.866754,73.0722039999998
"30","B","T.r.","P+L","Legumes","gam",74.6894,0.39355416,0.119265611,-1.987760185,-26.37299053,1.076817063,2.284506097,-38.07510162,-26.50079483,"gam",-81.9224160000004,-11.120376
"30","B","T.r.","P+L","Legumes","gam",74.6894,0.39355416,0.119265611,-1.987760185,-26.37299053,1.076817063,2.284506097,-38.07510162,-26.50079483,"gam",-81.9224160000004,-11.120376
"30","B","T.r.","P+L","Legumes","gam",74.6894,0.39355416,0.119265611,-1.987760185,-26.37299053,1.076817063,2.284506097,-38.07510162,-26.50079483,"gam",-81.9224160000004,-11.120376
"33","B","A.o.","L","Grass","gam",195.1044,0.437457555,0.144779934,-2.412998904,-25.04541253,1.078238241,2.466909558,-41.11515929,-24.77146269,"gam",357.111534,3.09140399999963
"33","B","A.o.","L","Grass","gam",195.1044,0.437457555,0.144779934,-2.412998904,-25.04541253,1.078238241,2.466909558,-41.11515929,-24.77146269,"gam",357.111534,3.09140399999963
"33","B","A.o.","L","Grass","gam",195.1044,0.437457555,0.144779934,-2.412998904,-25.04541253,1.078238241,2.466909558,-41.11515929,-24.77146269,"gam",357.111534,3.09140399999963
"34","B","D.g.","L","Grass","gam",99.6244,0.402648657,0.240611706,-12.03058532,-21.61864653,1.081906422,4.273377602,-213.6688801,-21.01773608,"gam",9.02255399999996,39.7732140000007
"34","B","D.g.","L","Grass","gam",99.6244,0.402648657,0.240611706,-12.03058532,-21.61864653,1.081906422,4.273377602,-213.6688801,-21.01773608,"gam",9.02255399999996,39.7732140000007
"34","B","D.g.","L","Grass","gam",99.6244,0.402648657,0.240611706,-12.03058532,-21.61864653,1.081906422,4.273377602,-213.6688801,-21.01773608,"gam",9.02255399999996,39.7732140000007
"44","B","M.s.","L","Legumes","gam",48.8674,0.384134398,0.196777225,-2.459715312,-27.66990853,1.075428666,3.179038115,-39.73797644,-28.01940101,"gam",-176.120036,-25.0043459999993
"44","B","M.s.","L","Legumes","gam",48.8674,0.384134398,0.196777225,-2.459715312,-27.66990853,1.075428666,3.179038115,-39.73797644,-28.01940101,"gam",-176.120036,-25.0043459999993
"44","B","M.s.","L","Legumes","gam",48.8674,0.384134398,0.196777225,-2.459715312,-27.66990853,1.075428666,3.179038115,-39.73797644,-28.01940101,"gam",-176.120036,-25.0043459999993
"45","B","T.r.","L","Legumes","gam",125.1044,0.411940216,0.168107333,-2.801788889,-28.03476253,1.07503807,3.695024202,-61.5837367,-28.38206817,"gam",101.938144,-28.9103060000007
"45","B","T.r.","L","Legumes","gam",125.1044,0.411940216,0.168107333,-2.801788889,-28.03476253,1.07503807,3.695024202,-61.5837367,-28.38206817,"gam",101.938144,-28.9103060000007
"45","B","T.r.","L","Legumes","gam",125.1044,0.411940216,0.168107333,-2.801788889,-28.03476253,1.07503807,3.695024202,-61.5837367,-28.38206817,"gam",101.938144,-28.9103060000007
"46","B",NA,"T","Temoins","gam",74.1214,0.393346975,0.11452708,-1.431588498,-22.89716853,1.08053786,2.477356072,-30.9669509,-21.99932954,"gam",-83.9942660000004,26.0875939999994
"46","B",NA,"T","Temoins","gam",74.1214,0.393346975,0.11452708,-1.431588498,-22.89716853,1.08053786,2.477356072,-30.9669509,-21.99932954,"gam",-83.9942660000004,26.0875939999994
"46","B",NA,"T","Temoins","gam",74.1214,0.393346975,0.11452708,-1.431588498,-22.89716853,1.08053786,2.477356072,-30.9669509,-21.99932954,"gam",-83.9942660000004,26.0875939999994
"47","B",NA,"T","Temoins","gam",88.1194,0.398452666,0.253148446,-6.328711141,-25.45932253,1.077795153,5.756130235,-143.9032559,-25.41420537,"gam",-32.9373560000001,-1.33947599999962
"47","B",NA,"T","Temoins","gam",88.1194,0.398452666,0.253148446,-6.328711141,-25.45932253,1.077795153,5.756130235,-143.9032559,-25.41420537,"gam",-32.9373560000001,-1.33947599999962
"47","B",NA,"T","Temoins","gam",88.1194,0.398452666,0.253148446,-6.328711141,-25.45932253,1.077795153,5.756130235,-143.9032559,-25.41420537,"gam",-32.9373560000001,-1.33947599999962
"1","C","N.s.","P","Grass","gam",12.1544,0.370738575,0.240399564,-6.009989107,-10.62908053,1.093668364,3.84374427,-96.09360674,-8.183085646,"gam",-310.078266,157.392634
"1","C","N.s.","P","Grass","gam",12.1544,0.370738575,0.240399564,-6.009989107,-10.62908053,1.093668364,3.84374427,-96.09360674,-8.183085646,"gam",-310.078266,157.392634
"1","C","N.s.","P","Grass","gam",12.1544,0.370738575,0.240399564,-6.009989107,-10.62908053,1.093668364,3.84374427,-96.09360674,-8.183085646,"gam",-310.078266,157.392634
"4","C","D.g.","P","Grass","gam",18.1594,0.372929923,0.676813894,67.68138937,-19.16891253,1.084528572,4.531555268,453.1555268,-18.30086347,"gam",-288.164786,65.9947139999995
"4","C","D.g.","P","Grass","gam",18.1594,0.372929923,0.676813894,67.68138937,-19.16891253,1.084528572,4.531555268,453.1555268,-18.30086347,"gam",-288.164786,65.9947139999995
"4","C","D.g.","P","Grass","gam",18.1594,0.372929923,0.676813894,67.68138937,-19.16891253,1.084528572,4.531555268,453.1555268,-18.30086347,"gam",-288.164786,65.9947139999995
"5","C","H.l.","P","Grass","gam",15.3224,0.371894655,0.493255689,-49.32556895,-23.43167453,1.079965701,3.347763597,-334.7763597,-22.94346117,"gam",-298.517466,20.3660039999987
"5","C","H.l.","P","Grass","gam",15.3224,0.371894655,0.493255689,-49.32556895,-23.43167453,1.079965701,3.347763597,-334.7763597,-22.94346117,"gam",-298.517466,20.3660039999987
"5","C","H.l.","P","Grass","gam",15.3224,0.371894655,0.493255689,-49.32556895,-23.43167453,1.079965701,3.347763597,-334.7763597,-22.94346117,"gam",-298.517466,20.3660039999987
"9","C","C.n.","P","Forb","gam",189.2854,0.435336834,0.194704693,-3.894093862,-26.88910053,1.076264554,3.695122464,-73.90244928,-27.04374623,"gam",335.904324,-16.6454660000004
"9","C","C.n.","P","Forb","gam",189.2854,0.435336834,0.194704693,-3.894093862,-26.88910053,1.076264554,3.695122464,-73.90244928,-27.04374623,"gam",335.904324,-16.6454660000004
"9","C","C.n.","P","Forb","gam",189.2854,0.435336834,0.194704693,-3.894093862,-26.88910053,1.076264554,3.695122464,-73.90244928,-27.04374623,"gam",335.904324,-16.6454660000004
"10","C","R.a.","P","Forb","gam",17.0654,0.372530707,0.320626531,-16.03132653,-27.04853253,1.076093876,4.16998327,-208.4991635,-27.20342154,"gam",-292.156946,-18.3522459999996
"10","C","R.a.","P","Forb","gam",17.0654,0.372530707,0.320626531,-16.03132653,-27.04853253,1.076093876,4.16998327,-208.4991635,-27.20342154,"gam",-292.156946,-18.3522459999996
"10","C","R.a.","P","Forb","gam",17.0654,0.372530707,0.320626531,-16.03132653,-27.04853253,1.076093876,4.16998327,-208.4991635,-27.20342154,"gam",-292.156946,-18.3522459999996
"11","C","M.a.","P","Legumes","gam",54.1344,0.386055923,0.586760813,-19.55869376,-13.22393853,1.090891385,3.547723545,-118.2574515,-10.95959529,"gam",-156.904786,129.622843999999
"11","C","M.a.","P","Legumes","gam",54.1344,0.386055923,0.586760813,-19.55869376,-13.22393853,1.090891385,3.547723545,-118.2574515,-10.95959529,"gam",-156.904786,129.622843999999
"11","C","M.a.","P","Legumes","gam",54.1344,0.386055923,0.586760813,-19.55869376,-13.22393853,1.090891385,3.547723545,-118.2574515,-10.95959529,"gam",-156.904786,129.622843999999
"13","C","L.c.","P","Legumes","gam",31.3924,0.377758577,0.133240724,-3.331018108,-10.05369453,1.094284113,2.487968493,-62.19921233,-5.443959363,"gam",-239.878246,163.550124
"13","C","L.c.","P","Legumes","gam",31.3924,0.377758577,0.133240724,-3.331018108,-10.05369453,1.094284113,2.487968493,-62.19921233,-5.443959363,"gam",-239.878246,163.550124
"13","C","L.c.","P","Legumes","gam",31.3924,0.377758577,0.133240724,-3.331018108,-10.05369453,1.094284113,2.487968493,-62.19921233,-5.443959363,"gam",-239.878246,163.550124
"14","C","M.s.","P","Legumes","gam",33.8054,0.378639018,0.092133428,-1.842668565,-24.62639253,1.078686796,2.466889213,-49.33778427,-24.22968943,"gam",-231.073836,7.57695399999925
"14","C","M.s.","P","Legumes","gam",33.8054,0.378639018,0.092133428,-1.842668565,-24.62639253,1.078686796,2.466889213,-49.33778427,-24.22968943,"gam",-231.073836,7.57695399999925
"14","C","M.s.","P","Legumes","gam",33.8054,0.378639018,0.092133428,-1.842668565,-24.62639253,1.078686796,2.466889213,-49.33778427,-24.22968943,"gam",-231.073836,7.57695399999925
"15","C","T.r.","P","Legumes","gam",33.7574,0.378621504,0.091980395,-1.314005646,-26.86048453,1.076295188,2.256990948,-32.24272782,-27.15270165,"gam",-231.248976,-16.3391260000001
"15","C","T.r.","P","Legumes","gam",33.7574,0.378621504,0.091980395,-1.314005646,-26.86048453,1.076295188,2.256990948,-32.24272782,-27.15270165,"gam",-231.248976,-16.3391260000001
"15","C","T.r.","P","Legumes","gam",33.7574,0.378621504,0.091980395,-1.314005646,-26.86048453,1.076295188,2.256990948,-32.24272782,-27.15270165,"gam",-231.248976,-16.3391260000001
"19","C","D.g.","P+L","Grass","gam",225.6624,0.448592868,0.66105335,-22.03511165,-3.458728533,1.10134116,4.611468796,-153.7156265,-0.649963558,"gam",468.464664,234.120594
"19","C","D.g.","P+L","Grass","gam",225.6624,0.448592868,0.66105335,-22.03511165,-3.458728533,1.10134116,4.611468796,-153.7156265,-0.649963558,"gam",468.464664,234.120594
"19","C","D.g.","P+L","Grass","gam",225.6624,0.448592868,0.66105335,-22.03511165,-3.458728533,1.10134116,4.611468796,-153.7156265,-0.649963558,"gam",468.464664,234.120594
"20","C","H.l.","P+L","Grass","gam",102.6974,0.403769352,0.512019971,-10.24039943,-23.91303653,1.079450423,4.865053263,-97.30106526,-23.67560202,"gam",20.229504,15.2132239999991
"20","C","H.l.","P+L","Grass","gam",102.6974,0.403769352,0.512019971,-10.24039943,-23.91303653,1.079450423,4.865053263,-97.30106526,-23.67560202,"gam",20.229504,15.2132239999991
"20","C","H.l.","P+L","Grass","gam",102.6974,0.403769352,0.512019971,-10.24039943,-23.91303653,1.079450423,4.865053263,-97.30106526,-23.67560202,"gam",20.229504,15.2132239999991
"21","C","G.v.","P+L","Forb","gam",100.0434,0.402801464,0.363475261,-9.086881517,-21.25685853,1.082293682,3.688483356,-92.2120839,-20.46248797,"gam",10.5506239999997,43.6458139999996
"21","C","G.v.","P+L","Forb","gam",100.0434,0.402801464,0.363475261,-9.086881517,-21.25685853,1.082293682,3.688483356,-92.2120839,-20.46248797,"gam",10.5506239999997,43.6458139999996
"21","C","G.v.","P+L","Forb","gam",100.0434,0.402801464,0.363475261,-9.086881517,-21.25685853,1.082293682,3.688483356,-92.2120839,-20.46248797,"gam",10.5506239999997,43.6458139999996
"23","C","P.l.","P+L","Forb","gam",268.3834,0.464156193,0.542213061,NA,-25.75570253,1.077477878,4.703204,NA,-25.73094227,"gam",624.097914,-4.51222599999967
"23","C","P.l.","P+L","Forb","gam",268.3834,0.464156193,0.542213061,NA,-25.75570253,1.077477878,4.703204,NA,-25.73094227,"gam",624.097914,-4.51222599999967
"23","C","P.l.","P+L","Forb","gam",268.3834,0.464156193,0.542213061,NA,-25.75570253,1.077477878,4.703204,NA,-25.73094227,"gam",624.097914,-4.51222599999967
"23","C","P.l.","P+L","Forb","gam",414.5974,0.51738537,0.258036676,2.58036676,-26.83595653,1.076321446,5.002503692,50.02503692,-26.93433017,"gam",1156.389684,-16.0765460000012
"23","C","P.l.","P+L","Forb","gam",414.5974,0.51738537,0.258036676,2.58036676,-26.83595653,1.076321446,5.002503692,50.02503692,-26.93433017,"gam",1156.389684,-16.0765460000012
"23","C","P.l.","P+L","Forb","gam",414.5974,0.51738537,0.258036676,2.58036676,-26.83595653,1.076321446,5.002503692,50.02503692,-26.93433017,"gam",1156.389684,-16.0765460000012
"24","C","C.n.","P+L","Forb","gam",9.6154,0.369812012,0.09260436,-1.028937334,-27.64742453,1.075452737,2.115916107,-23.51017897,-28.25598544,"gam",-319.343896,-24.7636360000003
"24","C","C.n.","P+L","Forb","gam",9.6154,0.369812012,0.09260436,-1.028937334,-27.64742453,1.075452737,2.115916107,-23.51017897,-28.25598544,"gam",-319.343896,-24.7636360000003
"24","C","C.n.","P+L","Forb","gam",9.6154,0.369812012,0.09260436,-1.028937334,-27.64742453,1.075452737,2.115916107,-23.51017897,-28.25598544,"gam",-319.343896,-24.7636360000003
"25","C","R.a.","P+L","Forb","gam",233.4664,0.45143624,0.148065471,1.233878929,-25.35099053,1.077911122,2.814420904,23.45350753,-25.19836871,"gam",496.898384,-0.179786000000792
"25","C","R.a.","P+L","Forb","gam",233.4664,0.45143624,0.148065471,1.233878929,-25.35099053,1.077911122,2.814420904,23.45350753,-25.19836871,"gam",496.898384,-0.179786000000792
"25","C","R.a.","P+L","Forb","gam",233.4664,0.45143624,0.148065471,1.233878929,-25.35099053,1.077911122,2.814420904,23.45350753,-25.19836871,"gam",496.898384,-0.179786000000792
"26","C","M.a.","P+L","Legumes","gam",302.9504,0.476745444,0.77568553,-77.56855303,-13.94547053,1.090119184,6.675548838,-667.5548838,-13.04485499,"gam",749.990424,121.900833999999
"26","C","M.a.","P+L","Legumes","gam",302.9504,0.476745444,0.77568553,-77.56855303,-13.94547053,1.090119184,6.675548838,-667.5548838,-13.04485499,"gam",749.990424,121.900833999999
"26","C","M.a.","P+L","Legumes","gam",302.9504,0.476745444,0.77568553,-77.56855303,-13.94547053,1.090119184,6.675548838,-667.5548838,-13.04485499,"gam",749.990424,121.900833999999
"26","C","M.a.","P+L","Legumes","gam",8.7644,0.369501451,0.188360463,1.883604628,-28.12061053,1.074946165,2.009263152,20.09263152,-28.96452362,"gam",-322.449506,-29.8293559999996
"26","C","M.a.","P+L","Legumes","gam",8.7644,0.369501451,0.188360463,1.883604628,-28.12061053,1.074946165,2.009263152,20.09263152,-28.96452362,"gam",-322.449506,-29.8293559999996
"26","C","M.a.","P+L","Legumes","gam",8.7644,0.369501451,0.188360463,1.883604628,-28.12061053,1.074946165,2.009263152,20.09263152,-28.96452362,"gam",-322.449506,-29.8293559999996
"27","C","T.p.","P+L","Legumes","gam",137.6284,0.416506593,0.815741544,6.797846201,-14.84585253,1.089155557,6.173091607,51.44243006,-13.9157229,"gam",147.601914,112.264564
"27","C","T.p.","P+L","Legumes","gam",137.6284,0.416506593,0.815741544,6.797846201,-14.84585253,1.089155557,6.173091607,51.44243006,-13.9157229,"gam",147.601914,112.264564
"27","C","T.p.","P+L","Legumes","gam",137.6284,0.416506593,0.815741544,6.797846201,-14.84585253,1.089155557,6.173091607,51.44243006,-13.9157229,"gam",147.601914,112.264564
"27","C","T.p.","P+L","Legumes","gam",187.6504,0.434740945,0.252499668,2.805551862,-15.20253053,1.08877382,2.794063129,31.04514588,-12.55127319,"gam",329.945434,108.447193999999
"27","C","T.p.","P+L","Legumes","gam",187.6504,0.434740945,0.252499668,2.805551862,-15.20253053,1.08877382,2.794063129,31.04514588,-12.55127319,"gam",329.945434,108.447193999999
"27","C","T.p.","P+L","Legumes","gam",187.6504,0.434740945,0.252499668,2.805551862,-15.20253053,1.08877382,2.794063129,31.04514588,-12.55127319,"gam",329.945434,108.447193999999
"29","C","M.s.","P+L","Legumes","gam",549.2294,0.566347802,2.504804595,16.6986973,-14.00883453,1.09005137,11.83006153,78.86707689,-13.64462362,"gam",1646.014004,121.222694000001
"29","C","M.s.","P+L","Legumes","gam",549.2294,0.566347802,2.504804595,16.6986973,-14.00883453,1.09005137,11.83006153,78.86707689,-13.64462362,"gam",1646.014004,121.222694000001
"29","C","M.s.","P+L","Legumes","gam",549.2294,0.566347802,2.504804595,16.6986973,-14.00883453,1.09005137,11.83006153,78.86707689,-13.64462362,"gam",1646.014004,121.222694000001
"30","C","T.r.","P+L","Legumes","gam",63.9884,0.389650694,0.113340145,0.755600965,-23.42963053,1.079967889,3.409731148,22.73154099,-22.95311573,"gam",-120.957076,20.3878839999994
"30","C","T.r.","P+L","Legumes","gam",63.9884,0.389650694,0.113340145,0.755600965,-23.42963053,1.079967889,3.409731148,22.73154099,-22.95311573,"gam",-120.957076,20.3878839999994
"30","C","T.r.","P+L","Legumes","gam",63.9884,0.389650694,0.113340145,0.755600965,-23.42963053,1.079967889,3.409731148,22.73154099,-22.95311573,"gam",-120.957076,20.3878839999994
"30","C","T.r.","P+L","Legumes","gam",138.2804,0.416744307,0.26858814,NA,-22.37492653,1.081096886,3.819206587,NA,-21.79696732,"gam",149.979054,31.6778540000007
"30","C","T.r.","P+L","Legumes","gam",138.2804,0.416744307,0.26858814,NA,-22.37492653,1.081096886,3.819206587,NA,-21.79696732,"gam",149.979054,31.6778540000007
"30","C","T.r.","P+L","Legumes","gam",138.2804,0.416744307,0.26858814,NA,-22.37492653,1.081096886,3.819206587,NA,-21.79696732,"gam",149.979054,31.6778540000007
"32","C","F.o.","L","Grass","gam",283.2024,0.469553641,0.162249994,1.802777711,-29.44205653,1.073531457,2.941634872,32.68483191,-30.23634673,"gam",678.072394,-43.9764359999995
"32","C","F.o.","L","Grass","gam",283.2024,0.469553641,0.162249994,1.802777711,-29.44205653,1.073531457,2.941634872,32.68483191,-30.23634673,"gam",678.072394,-43.9764359999995
"32","C","F.o.","L","Grass","gam",283.2024,0.469553641,0.162249994,1.802777711,-29.44205653,1.073531457,2.941634872,32.68483191,-30.23634673,"gam",678.072394,-43.9764359999995
"33","C","A.o.","L","Grass","gam",38.9264,0.380507486,0.215156492,2.390627691,-18.68959453,1.085041609,3.48563749,38.72930544,-17.36485681,"gam",-212.389156,71.1250839999989
"33","C","A.o.","L","Grass","gam",38.9264,0.380507486,0.215156492,2.390627691,-18.68959453,1.085041609,3.48563749,38.72930544,-17.36485681,"gam",-212.389156,71.1250839999989
"33","C","A.o.","L","Grass","gam",38.9264,0.380507486,0.215156492,2.390627691,-18.68959453,1.085041609,3.48563749,38.72930544,-17.36485681,"gam",-212.389156,71.1250839999989
"36","C","G.v.","L","Forb","gam",190.4804,0.435772356,0.101072908,1.263411344,-28.85338453,1.07416168,3.010393908,37.62992385,-29.49231887,"gam",340.259544,-37.6742060000002
"36","C","G.v.","L","Forb","gam",190.4804,0.435772356,0.101072908,1.263411344,-28.85338453,1.07416168,3.010393908,37.62992385,-29.49231887,"gam",340.259544,-37.6742060000002
"36","C","G.v.","L","Forb","gam",190.4804,0.435772356,0.101072908,1.263411344,-28.85338453,1.07416168,3.010393908,37.62992385,-29.49231887,"gam",340.259544,-37.6742060000002
"38","C","P.l.","L","Forb","gam",NA,NA,NA,NA,NA,NA,NA,NA,NA,"gam",NA,NA
"38","C","P.l.","L","Forb","gam",NA,NA,NA,NA,NA,NA,NA,NA,NA,"gam",NA,NA
"38","C","P.l.","L","Forb","gam",NA,NA,NA,NA,NA,NA,NA,NA,NA,"gam",NA,NA
"38","C","P.l.","L","Forb","gam",138.9174,0.416976552,0.077662789,0.862919873,-25.13126053,1.078146342,3.53685021,39.29833567,-24.98148291,"gam",152.301504,2.17241399999901
"38","C","P.l.","L","Forb","gam",138.9174,0.416976552,0.077662789,0.862919873,-25.13126053,1.078146342,3.53685021,39.29833567,-24.98148291,"gam",152.301504,2.17241399999901
"38","C","P.l.","L","Forb","gam",138.9174,0.416976552,0.077662789,0.862919873,-25.13126053,1.078146342,3.53685021,39.29833567,-24.98148291,"gam",152.301504,2.17241399999901
"39","C","C.n.","L","Forb","gam",103.2624,0.403975399,0.076282731,1.089753303,-28.34442853,1.074706554,2.635418273,37.64883246,-28.97574904,"gam",22.2899739999999,-32.2254659999999
"39","C","C.n.","L","Forb","gam",103.2624,0.403975399,0.076282731,1.089753303,-28.34442853,1.074706554,2.635418273,37.64883246,-28.97574904,"gam",22.2899739999999,-32.2254659999999
"39","C","C.n.","L","Forb","gam",103.2624,0.403975399,0.076282731,1.089753303,-28.34442853,1.074706554,2.635418273,37.64883246,-28.97574904,"gam",22.2899739999999,-32.2254659999999
"44","C","M.s.","L","Legumes","gam",165.6154,0.426709423,0.189376848,3.156280801,-24.45571853,1.078869498,2.824792857,47.07988095,-24.08691872,"gam",249.630214,9.4039739999996
"44","C","M.s.","L","Legumes","gam",165.6154,0.426709423,0.189376848,3.156280801,-24.45571853,1.078869498,2.824792857,47.07988095,-24.08691872,"gam",249.630214,9.4039739999996
"44","C","M.s.","L","Legumes","gam",165.6154,0.426709423,0.189376848,3.156280801,-24.45571853,1.078869498,2.824792857,47.07988095,-24.08691872,"gam",249.630214,9.4039739999996
"47","C",NA,"T","Temoins","gam",280.5944,0.468603785,1.263164332,NA,-23.72601053,1.079650627,10.37357767,NA,-23.64293583,"gam",668.573834,17.215263999999
"47","C",NA,"T","Temoins","gam",280.5944,0.468603785,1.263164332,NA,-23.72601053,1.079650627,10.37357767,NA,-23.64293583,"gam",668.573834,17.215263999999
"47","C",NA,"T","Temoins","gam",280.5944,0.468603785,1.263164332,NA,-23.72601053,1.079650627,10.37357767,NA,-23.64293583,"gam",668.573834,17.215263999999
"1","A","N.s.","P","Grass","hem",8.321666667,0.369339881,0.941453426,18.82906852,-4.958048167,1.098299342,7.072313117,141.4462623,-2.274259722,"hem",-14.0532120000003,219.909232
"1","A","N.s.","P","Grass","hem",8.321666667,0.369339881,0.941453426,18.82906852,-4.958048167,1.098299342,7.072313117,141.4462623,-2.274259722,"hem",-14.0532120000003,219.909232
"1","A","N.s.","P","Grass","hem",8.321666667,0.369339881,0.941453426,18.82906852,-4.958048167,1.098299342,7.072313117,141.4462623,-2.274259722,"hem",-14.0532120000003,219.909232
"2","A","F.o.","P","Grass","hem",12.59466667,0.37089924,1.4240836,8.900522503,-16.97759517,1.086249722,15.69834878,98.1146799,-16.49311706,"hem",1.54037800000006,99.4130319999997
"2","A","F.o.","P","Grass","hem",12.59466667,0.37089924,1.4240836,8.900522503,-16.97759517,1.086249722,15.69834878,98.1146799,-16.49311706,"hem",1.54037800000006,99.4130319999997
"2","A","F.o.","P","Grass","hem",12.59466667,0.37089924,1.4240836,8.900522503,-16.97759517,1.086249722,15.69834878,98.1146799,-16.49311706,"hem",1.54037800000006,99.4130319999997
"3","A","A.o.","P","Grass","hem",21.31466667,0.374081306,0.68287424,8.535927999,-25.17209617,1.078033035,9.779072595,122.2384074,-25.0983332,"hem",33.3610379999999,17.2461619999997
"3","A","A.o.","P","Grass","hem",21.31466667,0.374081306,0.68287424,8.535927999,-25.17209617,1.078033035,9.779072595,122.2384074,-25.0983332,"hem",33.3610379999999,17.2461619999997
"3","A","A.o.","P","Grass","hem",21.31466667,0.374081306,0.68287424,8.535927999,-25.17209617,1.078033035,9.779072595,122.2384074,-25.0983332,"hem",33.3610379999999,17.2461619999997
"4","A","D.g.","P","Grass","hem",31.59866667,0.377833839,1.090140869,21.80281738,-25.05099517,1.078154474,8.296671318,165.9334264,-24.94972304,"hem",70.8863679999999,18.4605519999992
"4","A","D.g.","P","Grass","hem",31.59866667,0.377833839,1.090140869,21.80281738,-25.05099517,1.078154474,8.296671318,165.9334264,-24.94972304,"hem",70.8863679999999,18.4605519999992
"4","A","D.g.","P","Grass","hem",31.59866667,0.377833839,1.090140869,21.80281738,-25.05099517,1.078154474,8.296671318,165.9334264,-24.94972304,"hem",70.8863679999999,18.4605519999992
"5","A","H.l.","P","Grass","hem",7.892666667,0.369183322,0.925437479,30.84791595,-21.48778917,1.081727486,9.369540296,312.3180099,-21.06655669,"hem",-15.6188020000003,54.1906719999985
"5","A","H.l.","P","Grass","hem",7.892666667,0.369183322,0.925437479,30.84791595,-21.48778917,1.081727486,9.369540296,312.3180099,-21.06655669,"hem",-15.6188020000003,54.1906719999985
"5","A","H.l.","P","Grass","hem",7.892666667,0.369183322,0.925437479,30.84791595,-21.48778917,1.081727486,9.369540296,312.3180099,-21.06655669,"hem",-15.6188020000003,54.1906719999985
"6","A","G.v.","P","Forb","hem",11.44066667,0.370478112,0.559271751,7.989596439,-23.22247917,1.079988055,7.607386309,108.6769473,-22.89606657,"hem",-2.67090199999986,36.796362
"6","A","G.v.","P","Forb","hem",11.44066667,0.370478112,0.559271751,7.989596439,-23.22247917,1.079988055,7.607386309,108.6769473,-22.89606657,"hem",-2.67090199999986,36.796362
"6","A","G.v.","P","Forb","hem",11.44066667,0.370478112,0.559271751,7.989596439,-23.22247917,1.079988055,7.607386309,108.6769473,-22.89606657,"hem",-2.67090199999986,36.796362
"7","A","C.r.","P","Forb","hem",39.15566667,0.380591135,0.416739206,13.89130687,-20.63244517,1.082585146,4.140857755,138.0285918,-19.34713337,"hem",98.4593280000001,62.7672719999994
"7","A","C.r.","P","Forb","hem",39.15566667,0.380591135,0.416739206,13.89130687,-20.63244517,1.082585146,4.140857755,138.0285918,-19.34713337,"hem",98.4593280000001,62.7672719999994
"7","A","C.r.","P","Forb","hem",39.15566667,0.380591135,0.416739206,13.89130687,-20.63244517,1.082585146,4.140857755,138.0285918,-19.34713337,"hem",98.4593280000001,62.7672719999994
"8","A","P.l.","P","Forb","hem",15.80166667,0.372069549,0.84711519,7.059293248,-27.27445317,1.075924766,14.16853086,118.0710905,-27.35071903,"hem",13.2434679999999,-3.83652800000078
"8","A","P.l.","P","Forb","hem",15.80166667,0.372069549,0.84711519,7.059293248,-27.27445317,1.075924766,14.16853086,118.0710905,-27.35071903,"hem",13.2434679999999,-3.83652800000078
"8","A","P.l.","P","Forb","hem",15.80166667,0.372069549,0.84711519,7.059293248,-27.27445317,1.075924766,14.16853086,118.0710905,-27.35071903,"hem",13.2434679999999,-3.83652800000078
"9","A","C.n.","P","Forb","hem",23.22666667,0.374778998,1.196918038,7.979453588,-23.02609917,1.080184975,13.45661215,89.71074769,-22.83812464,"hem",40.3379579999996,38.7655620000005
"9","A","C.n.","P","Forb","hem",23.22666667,0.374778998,1.196918038,7.979453588,-23.02609917,1.080184975,13.45661215,89.71074769,-22.83812464,"hem",40.3379579999996,38.7655620000005
"9","A","C.n.","P","Forb","hem",23.22666667,0.374778998,1.196918038,7.979453588,-23.02609917,1.080184975,13.45661215,89.71074769,-22.83812464,"hem",40.3379579999996,38.7655620000005
"10","A","R.a.","P","Forb","hem",13.53566667,0.371242636,1.394432677,10.72640521,-18.78756417,1.084434971,13.67174861,105.167297,-18.33929961,"hem",4.97433800000002,81.2655220000003
"10","A","R.a.","P","Forb","hem",13.53566667,0.371242636,1.394432677,10.72640521,-18.78756417,1.084434971,13.67174861,105.167297,-18.33929961,"hem",4.97433800000002,81.2655220000003
"10","A","R.a.","P","Forb","hem",13.53566667,0.371242636,1.394432677,10.72640521,-18.78756417,1.084434971,13.67174861,105.167297,-18.33929961,"hem",4.97433800000002,81.2655220000003
"11","A","M.a.","P","Legumes","hem",7.051181818,0.36887623,0.913179525,6.087863498,-20.77048973,1.082446729,8.263798874,55.09199249,-20.20996977,"hem",-18.6897219999999,61.3831019999988
"11","A","M.a.","P","Legumes","hem",7.051181818,0.36887623,0.913179525,6.087863498,-20.77048973,1.082446729,8.263798874,55.09199249,-20.20996977,"hem",-18.6897219999999,61.3831019999988
"11","A","M.a.","P","Legumes","hem",7.051181818,0.36887623,0.913179525,6.087863498,-20.77048973,1.082446729,8.263798874,55.09199249,-20.20996977,"hem",-18.6897219999999,61.3831019999988
"12","A","T.p.","P","Legumes","hem",6.968181818,0.368845939,0.603568343,7.544604286,NA,NA,NA,NA,NA,"hem",-18.992632,NA
"12","A","T.p.","P","Legumes","hem",6.968181818,0.368845939,0.603568343,7.544604286,NA,NA,NA,NA,NA,"hem",-18.992632,NA
"12","A","T.p.","P","Legumes","hem",6.968181818,0.368845939,0.603568343,7.544604286,NA,NA,NA,NA,NA,"hem",-18.992632,NA
"13","A","L.c.","P","Legumes","hem",66.32918182,0.390504581,0.731768244,7.317682445,-23.24815073,1.079962312,6.76646922,67.6646922,-22.87917549,"hem",197.593788,36.5389319999987
"13","A","L.c.","P","Legumes","hem",66.32918182,0.390504581,0.731768244,7.317682445,-23.24815073,1.079962312,6.76646922,67.6646922,-22.87917549,"hem",197.593788,36.5389319999987
"13","A","L.c.","P","Legumes","hem",66.32918182,0.390504581,0.731768244,7.317682445,-23.24815073,1.079962312,6.76646922,67.6646922,-22.87917549,"hem",197.593788,36.5389319999987
"14","A","M.s.","P","Legumes","hem",7.491181818,0.369036804,1.324754825,8.831698832,-17.21710273,1.086009586,9.749477038,64.99651359,-16.43199341,"hem",-17.0839820000002,97.0116720000003
"14","A","M.s.","P","Legumes","hem",7.491181818,0.369036804,1.324754825,8.831698832,-17.21710273,1.086009586,9.749477038,64.99651359,-16.43199341,"hem",-17.0839820000002,97.0116720000003
"14","A","M.s.","P","Legumes","hem",7.491181818,0.369036804,1.324754825,8.831698832,-17.21710273,1.086009586,9.749477038,64.99651359,-16.43199341,"hem",-17.0839820000002,97.0116720000003
"15","A","T.r.","P","Legumes","hem",53.14818182,0.385696133,1.10010954,5.500547702,-12.85746673,1.09038049,14.10487222,70.52436111,-12.0672279,"hem",149.509308,140.720712
"15","A","T.r.","P","Legumes","hem",53.14818182,0.385696133,1.10010954,5.500547702,-12.85746673,1.09038049,14.10487222,70.52436111,-12.0672279,"hem",149.509308,140.720712
"15","A","T.r.","P","Legumes","hem",53.14818182,0.385696133,1.10010954,5.500547702,-12.85746673,1.09038049,14.10487222,70.52436111,-12.0672279,"hem",149.509308,140.720712
"17","A","F.o.","P+L","Grass","hem",258.2761818,0.460474558,0.605624815,6.056248145,-21.53418973,1.08168096,5.269378567,52.69378567,-20.73482844,"hem",897.293558,53.7254119999986
"17","A","F.o.","P+L","Grass","hem",258.2761818,0.460474558,0.605624815,6.056248145,-21.53418973,1.08168096,5.269378567,52.69378567,-20.73482844,"hem",897.293558,53.7254119999986
"17","A","F.o.","P+L","Grass","hem",258.2761818,0.460474558,0.605624815,6.056248145,-21.53418973,1.08168096,5.269378567,52.69378567,-20.73482844,"hem",897.293558,53.7254119999986
"18","A","A.o.","P+L","Grass","hem",739.4671818,0.635450615,0.65074563,5.005735612,-24.36424373,1.078843136,8.687814767,66.82934436,-24.19834163,"hem",2647.054128,25.3471719999987
"18","A","A.o.","P+L","Grass","hem",739.4671818,0.635450615,0.65074563,5.005735612,-24.36424373,1.078843136,8.687814767,66.82934436,-24.19834163,"hem",2647.054128,25.3471719999987
"18","A","A.o.","P+L","Grass","hem",739.4671818,0.635450615,0.65074563,5.005735612,-24.36424373,1.078843136,8.687814767,66.82934436,-24.19834163,"hem",2647.054128,25.3471719999987
"19","A","D.g.","P+L","Grass","hem",414.1381818,0.517218281,0.924382041,0.79688107,-24.27587273,1.078931752,10.34991751,8.922342679,-24.13144197,"hem",1464.730788,26.2333319999986
"19","A","D.g.","P+L","Grass","hem",414.1381818,0.517218281,0.924382041,0.79688107,-24.27587273,1.078931752,10.34991751,8.922342679,-24.13144197,"hem",1464.730788,26.2333319999986
"19","A","D.g.","P+L","Grass","hem",414.1381818,0.517218281,0.924382041,0.79688107,-24.27587273,1.078931752,10.34991751,8.922342679,-24.13144197,"hem",1464.730788,26.2333319999986
"20","A","H.l.","P+L","Grass","hem",384.1221818,0.50629557,0.730682838,5.620637215,-26.86699773,1.076333375,7.984994499,61.42303461,-26.96353199,"hem",1355.503678,0.249561999998704
"20","A","H.l.","P+L","Grass","hem",384.1221818,0.50629557,0.730682838,5.620637215,-26.86699773,1.076333375,7.984994499,61.42303461,-26.96353199,"hem",1355.503678,0.249561999998704
"20","A","H.l.","P+L","Grass","hem",384.1221818,0.50629557,0.730682838,5.620637215,-26.86699773,1.076333375,7.984994499,61.42303461,-26.96353199,"hem",1355.503678,0.249561999998704
"21","A","G.v.","P+L","Forb","hem",231.0121818,0.450542068,0.491322238,7.018889118,-26.63243273,1.076568602,4.988592142,71.26560203,-26.75322419,"hem",797.968658,2.60183199999986
"21","A","G.v.","P+L","Forb","hem",231.0121818,0.450542068,0.491322238,7.018889118,-26.63243273,1.076568602,4.988592142,71.26560203,-26.75322419,"hem",797.968658,2.60183199999986
"21","A","G.v.","P+L","Forb","hem",231.0121818,0.450542068,0.491322238,7.018889118,-26.63243273,1.076568602,4.988592142,71.26560203,-26.75322419,"hem",797.968658,2.60183199999986
"23","A","P.l.","P+L","Forb","hem",415.0741818,0.517558849,1.215614029,8.682957348,-19.28345673,1.083937756,7.212265433,51.51618166,-18.44549475,"hem",1468.136468,76.2933720000003
"23","A","P.l.","P+L","Forb","hem",415.0741818,0.517558849,1.215614029,8.682957348,-19.28345673,1.083937756,7.212265433,51.51618166,-18.44549475,"hem",1468.136468,76.2933720000003
"23","A","P.l.","P+L","Forb","hem",415.0741818,0.517558849,1.215614029,8.682957348,-19.28345673,1.083937756,7.212265433,51.51618166,-18.44549475,"hem",1468.136468,76.2933720000003
"24","A","C.n.","P+L","Forb","hem",78.51418182,0.394949273,0.165114949,16.51149493,-24.77882373,1.078427404,2.711210632,271.1210632,-24.26766028,"hem",242.040708,21.1898519999987
"24","A","C.n.","P+L","Forb","hem",78.51418182,0.394949273,0.165114949,16.51149493,-24.77882373,1.078427404,2.711210632,271.1210632,-24.26766028,"hem",242.040708,21.1898519999987
"24","A","C.n.","P+L","Forb","hem",78.51418182,0.394949273,0.165114949,16.51149493,-24.77882373,1.078427404,2.711210632,271.1210632,-24.26766028,"hem",242.040708,21.1898519999987
"25","A","R.a.","P+L","Forb","hem",280.9551818,0.468735186,0.481536436,4.81536436,-18.20773073,1.085016343,5.11870099,51.1870099,-16.76428386,"hem",979.899838,87.0792419999988
"25","A","R.a.","P+L","Forb","hem",280.9551818,0.468735186,0.481536436,4.81536436,-18.20773073,1.085016343,5.11870099,51.1870099,-16.76428386,"hem",979.899838,87.0792419999988
"25","A","R.a.","P+L","Forb","hem",280.9551818,0.468735186,0.481536436,4.81536436,-18.20773073,1.085016343,5.11870099,51.1870099,-16.76428386,"hem",979.899838,87.0792419999988
"26","A","M.a.","P+L","Legumes","hem",513.9961818,0.553538981,1.622270636,7.725098268,-15.09183473,1.088140395,12.61684525,60.08021546,-14.35335233,"hem",1827.937788,118.319761999999
"26","A","M.a.","P+L","Legumes","hem",513.9961818,0.553538981,1.622270636,7.725098268,-15.09183473,1.088140395,12.61684525,60.08021546,-14.35335233,"hem",1827.937788,118.319761999999
"26","A","M.a.","P+L","Legumes","hem",513.9961818,0.553538981,1.622270636,7.725098268,-15.09183473,1.088140395,12.61684525,60.08021546,-14.35335233,"hem",1827.937788,118.319761999999
"27","A","T.p.","P+L","Legumes","hem",249.5131818,0.457282344,1.063721802,3.799006437,-18.46302473,1.084760373,18.1687834,64.88851214,-18.11587432,"hem",865.371418,84.5195419999989
"27","A","T.p.","P+L","Legumes","hem",249.5131818,0.457282344,1.063721802,3.799006437,-18.46302473,1.084760373,18.1687834,64.88851214,-18.11587432,"hem",865.371418,84.5195419999989
"27","A","T.p.","P+L","Legumes","hem",249.5131818,0.457282344,1.063721802,3.799006437,-18.46302473,1.084760373,18.1687834,64.88851214,-18.11587432,"hem",865.371418,84.5195419999989
"28","A","L.c.","P+L","Legumes","hem",514.4741818,0.553712778,1.030947256,8.591227133,-21.56146473,1.081653611,8.032579809,66.93816507,-21.07051567,"hem",1829.675758,53.4519219999985
"28","A","L.c.","P+L","Legumes","hem",514.4741818,0.553712778,1.030947256,8.591227133,-21.56146473,1.081653611,8.032579809,66.93816507,-21.07051567,"hem",1829.675758,53.4519219999985
"28","A","L.c.","P+L","Legumes","hem",514.4741818,0.553712778,1.030947256,8.591227133,-21.56146473,1.081653611,8.032579809,66.93816507,-21.07051567,"hem",1829.675758,53.4519219999985
"29","A","M.s.","P+L","Legumes","hem",468.4811818,0.536987397,0.703813638,10.05448054,-23.15323373,1.080057491,5.771487188,82.44981698,-22.69513881,"hem",1662.421948,37.4907219999998
"29","A","M.s.","P+L","Legumes","hem",468.4811818,0.536987397,0.703813638,10.05448054,-23.15323373,1.080057491,5.771487188,82.44981698,-22.69513881,"hem",1662.421948,37.4907219999998
"29","A","M.s.","P+L","Legumes","hem",468.4811818,0.536987397,0.703813638,10.05448054,-23.15323373,1.080057491,5.771487188,82.44981698,-22.69513881,"hem",1662.421948,37.4907219999998
"30","A","T.r.","P+L","Legumes","hem",632.3441818,0.596550602,0.775626891,7.051153557,-23.84601873,1.079362796,6.525908165,59.32643786,-23.54507345,"hem",2258.053998,30.5437720000001
"30","A","T.r.","P+L","Legumes","hem",632.3441818,0.596550602,0.775626891,7.051153557,-23.84601873,1.079362796,6.525908165,59.32643786,-23.54507345,"hem",2258.053998,30.5437720000001
"30","A","T.r.","P+L","Legumes","hem",632.3441818,0.596550602,0.775626891,7.051153557,-23.84601873,1.079362796,6.525908165,59.32643786,-23.54507345,"hem",2258.053998,30.5437720000001
"32","A","F.o.","L","Grass","hem",519.6941818,0.555610678,0.810980569,9.010895214,-26.75462473,1.076446065,7.812952012,86.81057791,-26.84070827,"hem",1848.654758,1.37646200000008
"32","A","F.o.","L","Grass","hem",519.6941818,0.555610678,0.810980569,9.010895214,-26.75462473,1.076446065,7.812952012,86.81057791,-26.84070827,"hem",1848.654758,1.37646200000008
"32","A","F.o.","L","Grass","hem",519.6941818,0.555610678,0.810980569,9.010895214,-26.75462473,1.076446065,7.812952012,86.81057791,-26.84070827,"hem",1848.654758,1.37646200000008
"33","A","A.o.","L","Grass","hem",572.1981818,0.574696185,0.271875777,6.796894426,-27.38849573,1.075810401,2.972867348,74.32168369,-27.89970806,"hem",2039.509828,-4.98017800000028
"33","A","A.o.","L","Grass","hem",572.1981818,0.574696185,0.271875777,6.796894426,-27.38849573,1.075810401,2.972867348,74.32168369,-27.89970806,"hem",2039.509828,-4.98017800000028
"33","A","A.o.","L","Grass","hem",572.1981818,0.574696185,0.271875777,6.796894426,-27.38849573,1.075810401,2.972867348,74.32168369,-27.89970806,"hem",2039.509828,-4.98017800000028
"34","A","D.g.","L","Grass","hem",443.0341818,0.527731163,1.568008088,6.030800337,-26.61279473,1.076588295,13.84827996,53.26261521,-26.65036564,"hem",1569.859608,2.79876200000029
"34","A","D.g.","L","Grass","hem",443.0341818,0.527731163,1.568008088,6.030800337,-26.61279473,1.076588295,13.84827996,53.26261521,-26.65036564,"hem",1569.859608,2.79876200000029
"34","A","D.g.","L","Grass","hem",443.0341818,0.527731163,1.568008088,6.030800337,-26.61279473,1.076588295,13.84827996,53.26261521,-26.65036564,"hem",1569.859608,2.79876200000029
"35","A","H.l.","L","Grass","hem",534.0021818,0.560812445,1.671389986,5.391580599,-26.19930573,1.077002948,11.80430845,38.07841436,-26.21379501,"hem",1900.672428,6.94529200000016
"35","A","H.l.","L","Grass","hem",534.0021818,0.560812445,1.671389986,5.391580599,-26.19930573,1.077002948,11.80430845,38.07841436,-26.21379501,"hem",1900.672428,6.94529200000016
"35","A","H.l.","L","Grass","hem",534.0021818,0.560812445,1.671389986,5.391580599,-26.19930573,1.077002948,11.80430845,38.07841436,-26.21379501,"hem",1900.672428,6.94529200000016
"36","A","G.v.","L","Forb","hem",667.8911818,0.609462306,0.716148866,6.510444238,-26.69025573,1.076510616,6.561045874,59.64587159,-26.78610717,"hem",2387.171038,2.02197199999921
"36","A","G.v.","L","Forb","hem",667.8911818,0.609462306,0.716148866,6.510444238,-26.69025573,1.076510616,6.561045874,59.64587159,-26.78610717,"hem",2387.171038,2.02197199999921
"36","A","G.v.","L","Forb","hem",667.8911818,0.609462306,0.716148866,6.510444238,-26.69025573,1.076510616,6.561045874,59.64587159,-26.78610717,"hem",2387.171038,2.02197199999921
"38","A","P.l.","L","Forb","hem",209.5441818,0.442719711,1.206783653,6.033918264,-26.95209573,1.076248036,9.279240417,46.39620208,-27.04192413,"hem",719.745088,-0.603828000000917
"38","A","P.l.","L","Forb","hem",209.5441818,0.442719711,1.206783653,6.033918264,-26.95209573,1.076248036,9.279240417,46.39620208,-27.04192413,"hem",719.745088,-0.603828000000917
"38","A","P.l.","L","Forb","hem",209.5441818,0.442719711,1.206783653,6.033918264,-26.95209573,1.076248036,9.279240417,46.39620208,-27.04192413,"hem",719.745088,-0.603828000000917
"39","A","C.n.","L","Forb","hem",231.1871818,0.450605828,0.523708213,5.237082131,-26.81353873,1.076386985,5.747648079,57.47648079,-26.94508223,"hem",798.606258,0.785662000000187
"39","A","C.n.","L","Forb","hem",231.1871818,0.450605828,0.523708213,5.237082131,-26.81353873,1.076386985,5.747648079,57.47648079,-26.94508223,"hem",798.606258,0.785662000000187
"39","A","C.n.","L","Forb","hem",231.1871818,0.450605828,0.523708213,5.237082131,-26.81353873,1.076386985,5.747648079,57.47648079,-26.94508223,"hem",798.606258,0.785662000000187
"40","A","R.a.","L","Forb","hem",10.99218182,0.370314446,0.187598228,3.75196455,-27.08628873,1.076113464,2.8313925,56.62785,-27.51408935,"hem",-4.30756199999993,-1.9495479999998
"40","A","R.a.","L","Forb","hem",10.99218182,0.370314446,0.187598228,3.75196455,-27.08628873,1.076113464,2.8313925,56.62785,-27.51408935,"hem",-4.30756199999993,-1.9495479999998
"40","A","R.a.","L","Forb","hem",10.99218182,0.370314446,0.187598228,3.75196455,-27.08628873,1.076113464,2.8313925,56.62785,-27.51408935,"hem",-4.30756199999993,-1.9495479999998
"41","A","M.a.","L","Legumes","hem",226.8541818,0.449027101,0.129754847,2.595096934,-28.31475473,1.074881506,3.441964239,68.83928479,-29.01567405,"hem",782.818988,-14.2691279999996
"41","A","M.a.","L","Legumes","hem",226.8541818,0.449027101,0.129754847,2.595096934,-28.31475473,1.074881506,3.441964239,68.83928479,-29.01567405,"hem",782.818988,-14.2691279999996
"41","A","M.a.","L","Legumes","hem",226.8541818,0.449027101,0.129754847,2.595096934,-28.31475473,1.074881506,3.441964239,68.83928479,-29.01567405,"hem",782.818988,-14.2691279999996
"42","A","T.p.","L","Legumes","hem",320.3371818,0.48307648,0.524498002,10.48996005,-27.35140173,1.0758476,5.924529955,118.4905991,-27.56237159,"hem",1123.312778,-4.60818800000151
"42","A","T.p.","L","Legumes","hem",320.3371818,0.48307648,0.524498002,10.48996005,-27.35140173,1.0758476,5.924529955,118.4905991,-27.56237159,"hem",1123.312778,-4.60818800000151
"42","A","T.p.","L","Legumes","hem",320.3371818,0.48307648,0.524498002,10.48996005,-27.35140173,1.0758476,5.924529955,118.4905991,-27.56237159,"hem",1123.312778,-4.60818800000151
"43","A","L.c.","L","Legumes","hem",478.9811818,0.540806223,0.796093835,7.23721668,-26.47096473,1.076730525,5.952829985,54.11663623,-26.54408412,"hem",1700.610208,4.2210620000005
"43","A","L.c.","L","Legumes","hem",478.9811818,0.540806223,0.796093835,7.23721668,-26.47096473,1.076730525,5.952829985,54.11663623,-26.54408412,"hem",1700.610208,4.2210620000005
"43","A","L.c.","L","Legumes","hem",478.9811818,0.540806223,0.796093835,7.23721668,-26.47096473,1.076730525,5.952829985,54.11663623,-26.54408412,"hem",1700.610208,4.2210620000005
"44","A","M.s.","L","Legumes","hem",560.1341818,0.5703115,1.724038854,6.896155418,-26.17748573,1.07702483,12.46684996,49.86739984,-26.18965599,"hem",1995.662978,7.16411199999989
"44","A","M.s.","L","Legumes","hem",560.1341818,0.5703115,1.724038854,6.896155418,-26.17748573,1.07702483,12.46684996,49.86739984,-26.18965599,"hem",1995.662978,7.16411199999989
"44","A","M.s.","L","Legumes","hem",560.1341818,0.5703115,1.724038854,6.896155418,-26.17748573,1.07702483,12.46684996,49.86739984,-26.18965599,"hem",1995.662978,7.16411199999989
"45","A","T.r.","L","Legumes","hem",423.7231818,0.520705722,0.723337142,9.041714274,-27.38522273,1.075813683,6.546892375,81.83615468,-27.57805358,"hem",1499.605198,-4.94735800000035
"45","A","T.r.","L","Legumes","hem",423.7231818,0.520705722,0.723337142,9.041714274,-27.38522273,1.075813683,6.546892375,81.83615468,-27.57805358,"hem",1499.605198,-4.94735800000035
"45","A","T.r.","L","Legumes","hem",423.7231818,0.520705722,0.723337142,9.041714274,-27.38522273,1.075813683,6.546892375,81.83615468,-27.57805358,"hem",1499.605198,-4.94735800000035
"46","A",NA,"T","Temoins","hem",10.27918182,0.370054249,1.579291977,7.896459886,-26.49823973,1.076703173,9.984288914,49.92144457,-26.54163904,"hem",-6.90953200000011,3.94754200000014
"46","A",NA,"T","Temoins","hem",10.27918182,0.370054249,1.579291977,7.896459886,-26.49823973,1.076703173,9.984288914,49.92144457,-26.54163904,"hem",-6.90953200000011,3.94754200000014
"46","A",NA,"T","Temoins","hem",10.27918182,0.370054249,1.579291977,7.896459886,-26.49823973,1.076703173,9.984288914,49.92144457,-26.54163904,"hem",-6.90953200000011,3.94754200000014
"47","A",NA,"T","Temoins","hem",8.498181818,0.369404298,0.753584951,6.850772281,-26.97937073,1.076220684,5.985804565,54.41640513,-27.13045559,"hem",-13.4090419999999,-0.877348000001277
"47","A",NA,"T","Temoins","hem",8.498181818,0.369404298,0.753584951,6.850772281,-26.97937073,1.076220684,5.985804565,54.41640513,-27.13045559,"hem",-13.4090419999999,-0.877348000001277
"47","A",NA,"T","Temoins","hem",8.498181818,0.369404298,0.753584951,6.850772281,-26.97937073,1.076220684,5.985804565,54.41640513,-27.13045559,"hem",-13.4090419999999,-0.877348000001277
"2","B","F.o.","P","Grass","hem",13.5535,0.371249144,0.523377593,-0.110184756,-24.11308738,1.079191296,7.580538596,-1.595902862,-24.04433394,"hem",5.03941799999963,28.8287720000002
"2","B","F.o.","P","Grass","hem",13.5535,0.371249144,0.523377593,-0.110184756,-24.11308738,1.079191296,7.580538596,-1.595902862,-24.04433394,"hem",5.03941799999963,28.8287720000002
"2","B","F.o.","P","Grass","hem",13.5535,0.371249144,0.523377593,-0.110184756,-24.11308738,1.079191296,7.580538596,-1.595902862,-24.04433394,"hem",5.03941799999963,28.8287720000002
"3","B","A.o.","P","Grass","hem",9.1855,0.369655126,0.881488206,-2.003382286,-21.83726138,1.081578388,6.173843047,-14.03146147,-21.5883858,"hem",-10.9007620000001,52.699692
"3","B","A.o.","P","Grass","hem",9.1855,0.369655126,0.881488206,-2.003382286,-21.83726138,1.081578388,6.173843047,-14.03146147,-21.5883858,"hem",-10.9007620000001,52.699692
"3","B","A.o.","P","Grass","hem",9.1855,0.369655126,0.881488206,-2.003382286,-21.83726138,1.081578388,6.173843047,-14.03146147,-21.5883858,"hem",-10.9007620000001,52.699692
"3","B","A.o.","P","Grass","hem",111.022,0.40680513,0.965365848,9.653658483,-21.6662036,1.081855516,6.317721366,63.17721366,-21.31926627,"hem",360.599278,55.4709720000002
"3","B","A.o.","P","Grass","hem",111.022,0.40680513,0.965365848,9.653658483,-21.6662036,1.081855516,6.317721366,63.17721366,-21.31926627,"hem",360.599278,55.4709720000002
"3","B","A.o.","P","Grass","hem",111.022,0.40680513,0.965365848,9.653658483,-21.6662036,1.081855516,6.317721366,63.17721366,-21.31926627,"hem",360.599278,55.4709720000002
"3","B","A.o.","P","Grass","hem",18.061,0.372894015,0.801400081,10.01750101,-21.1919956,1.082363111,6.960242984,87.0030373,-20.85640185,"hem",21.4881280000001,60.5469219999999
"3","B","A.o.","P","Grass","hem",18.061,0.372894015,0.801400081,10.01750101,-21.1919956,1.082363111,6.960242984,87.0030373,-20.85640185,"hem",21.4881280000001,60.5469219999999
"3","B","A.o.","P","Grass","hem",18.061,0.372894015,0.801400081,10.01750101,-21.1919956,1.082363111,6.960242984,87.0030373,-20.85640185,"hem",21.4881280000001,60.5469219999999
"3","B","A.o.","P","Grass","hem",12.784,0.370968333,0.507256299,12.68140748,-22.2068416,1.081276808,5.464696025,136.6174006,-21.8355628,"hem",2.23130799999971,49.6838919999987
"3","B","A.o.","P","Grass","hem",12.784,0.370968333,0.507256299,12.68140748,-22.2068416,1.081276808,5.464696025,136.6174006,-21.8355628,"hem",2.23130799999971,49.6838919999987
"3","B","A.o.","P","Grass","hem",12.784,0.370968333,0.507256299,12.68140748,-22.2068416,1.081276808,5.464696025,136.6174006,-21.8355628,"hem",2.23130799999971,49.6838919999987
"4","B","D.g.","P","Grass","hem",13.9215,0.371383436,0.53081693,4.423474417,-22.87087438,1.080494256,6.221226412,51.84355343,-22.68877743,"hem",6.38233799999999,41.8583719999988
"4","B","D.g.","P","Grass","hem",13.9215,0.371383436,0.53081693,4.423474417,-22.87087438,1.080494256,6.221226412,51.84355343,-22.68877743,"hem",6.38233799999999,41.8583719999988
"4","B","D.g.","P","Grass","hem",13.9215,0.371383436,0.53081693,4.423474417,-22.87087438,1.080494256,6.221226412,51.84355343,-22.68877743,"hem",6.38233799999999,41.8583719999988
"5","B","H.l.","P","Grass","hem",18.9465,0.373217145,0.426298237,7.104970612,-25.59101838,1.077641047,6.745812053,112.4302009,-25.57864826,"hem",24.7194279999996,13.3262819999991
"5","B","H.l.","P","Grass","hem",18.9465,0.373217145,0.426298237,7.104970612,-25.59101838,1.077641047,6.745812053,112.4302009,-25.57864826,"hem",24.7194279999996,13.3262819999991
"5","B","H.l.","P","Grass","hem",18.9465,0.373217145,0.426298237,7.104970612,-25.59101838,1.077641047,6.745812053,112.4302009,-25.57864826,"hem",24.7194279999996,13.3262819999991
"5","B","H.l.","P","Grass","hem",11.7025,0.370573663,0.599874047,-1.621281209,-22.92302438,1.080439556,5.969738859,-16.13442935,-22.7294079,"hem",-1.71539200000015,41.3113719999991
"5","B","H.l.","P","Grass","hem",11.7025,0.370573663,0.599874047,-1.621281209,-22.92302438,1.080439556,5.969738859,-16.13442935,-22.7294079,"hem",-1.71539200000015,41.3113719999991
"5","B","H.l.","P","Grass","hem",11.7025,0.370573663,0.599874047,-1.621281209,-22.92302438,1.080439556,5.969738859,-16.13442935,-22.7294079,"hem",-1.71539200000015,41.3113719999991
"6","B","G.v.","P","Forb","hem",8.8465,0.369531413,0.297790308,4.963171806,-25.65881338,1.077569933,5.342686618,89.04477697,-25.64078394,"hem",-12.1378920000004,12.6151419999987
"6","B","G.v.","P","Forb","hem",8.8465,0.369531413,0.297790308,4.963171806,-25.65881338,1.077569933,5.342686618,89.04477697,-25.64078394,"hem",-12.1378920000004,12.6151419999987
"6","B","G.v.","P","Forb","hem",8.8465,0.369531413,0.297790308,4.963171806,-25.65881338,1.077569933,5.342686618,89.04477697,-25.64078394,"hem",-12.1378920000004,12.6151419999987
"7","B","C.r.","P","Forb","hem",9.5925,0.369803655,0.372994114,0.336030733,-25.60979238,1.077621354,4.548228426,4.097503086,-25.57852411,"hem",-9.41547200000003,13.1293519999987
"7","B","C.r.","P","Forb","hem",9.5925,0.369803655,0.372994114,0.336030733,-25.60979238,1.077621354,4.548228426,4.097503086,-25.57852411,"hem",-9.41547200000003,13.1293519999987
"7","B","C.r.","P","Forb","hem",9.5925,0.369803655,0.372994114,0.336030733,-25.60979238,1.077621354,4.548228426,4.097503086,-25.57852411,"hem",-9.41547200000003,13.1293519999987
"8","B","P.l.","P","Forb","hem",7.0505,0.368875981,0.082510237,0.000824443,-28.46969838,1.074621367,4.708444047,0.047046803,-28.72313593,"hem",-18.6922119999999,-16.8705180000006
"8","B","P.l.","P","Forb","hem",7.0505,0.368875981,0.082510237,0.000824443,-28.46969838,1.074621367,4.708444047,0.047046803,-28.72313593,"hem",-18.6922119999999,-16.8705180000006
"8","B","P.l.","P","Forb","hem",7.0505,0.368875981,0.082510237,0.000824443,-28.46969838,1.074621367,4.708444047,0.047046803,-28.72313593,"hem",-18.6922119999999,-16.8705180000006
"9","B","C.n.","P","Forb","hem",78.8915,0.3950869,0.485852158,4.048767986,-25.06221738,1.078195729,5.546855455,46.22379546,-25.00107151,"hem",243.416978,18.8731019999988
"9","B","C.n.","P","Forb","hem",78.8915,0.3950869,0.485852158,4.048767986,-25.06221738,1.078195729,5.546855455,46.22379546,-25.00107151,"hem",243.416978,18.8731019999988
"9","B","C.n.","P","Forb","hem",78.8915,0.3950869,0.485852158,4.048767986,-25.06221738,1.078195729,5.546855455,46.22379546,-25.00107151,"hem",243.416978,18.8731019999988
"10","B","R.a.","P","Forb","hem",38.5355,0.380364863,0.343732148,8.593303703,-20.52203838,1.08295786,3.786812265,94.67030663,-19.76882963,"hem",96.1966079999998,66.4944119999999
"10","B","R.a.","P","Forb","hem",38.5355,0.380364863,0.343732148,8.593303703,-20.52203838,1.08295786,3.786812265,94.67030663,-19.76882963,"hem",96.1966079999998,66.4944119999999
"10","B","R.a.","P","Forb","hem",38.5355,0.380364863,0.343732148,8.593303703,-20.52203838,1.08295786,3.786812265,94.67030663,-19.76882963,"hem",96.1966079999998,66.4944119999999
"11","B","M.a.","P","Legumes","hem",19.1765,0.373301074,0.401087994,4.010879944,-24.31230038,1.078982338,4.763315557,47.63315557,-24.1581164,"hem",25.558718,26.7391920000004
"11","B","M.a.","P","Legumes","hem",19.1765,0.373301074,0.401087994,4.010879944,-24.31230038,1.078982338,4.763315557,47.63315557,-24.1581164,"hem",25.558718,26.7391920000004
"11","B","M.a.","P","Legumes","hem",19.1765,0.373301074,0.401087994,4.010879944,-24.31230038,1.078982338,4.763315557,47.63315557,-24.1581164,"hem",25.558718,26.7391920000004
"13","B","L.c.","P","Legumes","hem",18.6055,0.37309271,0.164011491,NA,-24.28726838,1.079008595,3.261760076,NA,-23.99782546,"hem",23.4750779999998,27.0017619999985
"13","B","L.c.","P","Legumes","hem",18.6055,0.37309271,0.164011491,NA,-24.28726838,1.079008595,3.261760076,NA,-23.99782546,"hem",23.4750779999998,27.0017619999985
"13","B","L.c.","P","Legumes","hem",18.6055,0.37309271,0.164011491,NA,-24.28726838,1.079008595,3.261760076,NA,-23.99782546,"hem",23.4750779999998,27.0017619999985
"14","B","M.s.","P","Legumes","hem",12.5505,0.370883123,0.287613183,-0.08336614,-26.00613238,1.077205612,4.289450013,-1.243318844,-26.01642209,"hem",1.37920799999969,8.97193199999924
"14","B","M.s.","P","Legumes","hem",12.5505,0.370883123,0.287613183,-0.08336614,-26.00613238,1.077205612,4.289450013,-1.243318844,-26.01642209,"hem",1.37920799999969,8.97193199999924
"14","B","M.s.","P","Legumes","hem",12.5505,0.370883123,0.287613183,-0.08336614,-26.00613238,1.077205612,4.289450013,-1.243318844,-26.01642209,"hem",1.37920799999969,8.97193199999924
"15","B","T.r.","P","Legumes","hem",13.4375,0.371206812,0.104839547,-0.003231799,-26.65174938,1.076528382,3.779281021,-0.116500648,-26.75260956,"hem",4.61609799999985,2.19963199999951
"15","B","T.r.","P","Legumes","hem",13.4375,0.371206812,0.104839547,-0.003231799,-26.65174938,1.076528382,3.779281021,-0.116500648,-26.75260956,"hem",4.61609799999985,2.19963199999951
"15","B","T.r.","P","Legumes","hem",13.4375,0.371206812,0.104839547,-0.003231799,-26.65174938,1.076528382,3.779281021,-0.116500648,-26.75260956,"hem",4.61609799999985,2.19963199999951
"17","B","F.o.","P+L","Grass","hem",391.2455,0.508887936,0.523667229,0.114839305,-17.37322138,1.086260342,6.677230827,1.464305006,-16.92133815,"hem",1381.427338,99.5192320000005
"17","B","F.o.","P+L","Grass","hem",391.2455,0.508887936,0.523667229,0.114839305,-17.37322138,1.086260342,6.677230827,1.464305006,-16.92133815,"hem",1381.427338,99.5192320000005
"17","B","F.o.","P+L","Grass","hem",391.2455,0.508887936,0.523667229,0.114839305,-17.37322138,1.086260342,6.677230827,1.464305006,-16.92133815,"hem",1381.427338,99.5192320000005
"18","B","A.o.","P+L","Grass","hem",427.3175,0.522013428,0.404932046,-0.09900539,-26.60064238,1.076581992,4.540923236,-1.11025018,-26.67305721,"hem",1512.682258,2.73573199999877
"18","B","A.o.","P+L","Grass","hem",427.3175,0.522013428,0.404932046,-0.09900539,-26.60064238,1.076581992,4.540923236,-1.11025018,-26.67305721,"hem",1512.682258,2.73573199999877
"18","B","A.o.","P+L","Grass","hem",427.3175,0.522013428,0.404932046,-0.09900539,-26.60064238,1.076581992,4.540923236,-1.11025018,-26.67305721,"hem",1512.682258,2.73573199999877
"19","B","D.g.","P+L","Grass","hem",370.6255,0.501383396,1.123350008,8.64115391,-23.26930038,1.08007635,9.169573395,70.53517996,-23.2073942,"hem",1306.381938,37.6793119999985
"19","B","D.g.","P+L","Grass","hem",370.6255,0.501383396,1.123350008,8.64115391,-23.26930038,1.08007635,9.169573395,70.53517996,-23.2073942,"hem",1306.381938,37.6793119999985
"19","B","D.g.","P+L","Grass","hem",370.6255,0.501383396,1.123350008,8.64115391,-23.26930038,1.08007635,9.169573395,70.53517996,-23.2073942,"hem",1306.381938,37.6793119999985
"19","B","D.g.","P+L","Grass","hem",209.3785,0.442659337,0.279980904,13.9990452,-24.06198038,1.079244903,4.304114266,215.2057133,-23.85047847,"hem",719.141348,29.3648419999992
"19","B","D.g.","P+L","Grass","hem",209.3785,0.442659337,0.279980904,13.9990452,-24.06198038,1.079244903,4.304114266,215.2057133,-23.85047847,"hem",719.141348,29.3648419999992
"19","B","D.g.","P+L","Grass","hem",209.3785,0.442659337,0.279980904,13.9990452,-24.06198038,1.079244903,4.304114266,215.2057133,-23.85047847,"hem",719.141348,29.3648419999992
"19","B","D.g.","P+L","Grass","hem",486.036,0.54337188,0.862586322,7.841693836,-25.7276316,1.077507928,8.972180116,81.56527378,-25.7190092,"hem",1726.266778,11.9950919999989
"19","B","D.g.","P+L","Grass","hem",486.036,0.54337188,0.862586322,7.841693836,-25.7276316,1.077507928,8.972180116,81.56527378,-25.7190092,"hem",1726.266778,11.9950919999989
"19","B","D.g.","P+L","Grass","hem",486.036,0.54337188,0.862586322,7.841693836,-25.7276316,1.077507928,8.972180116,81.56527378,-25.7190092,"hem",1726.266778,11.9950919999989
"19","B","D.g.","P+L","Grass","hem",393.152,0.50958174,0.203404457,-2.905777958,-27.8135336,1.075274908,3.7143455,-53.06207858,-28.12149801,"hem",1388.365378,-10.3351080000014
"19","B","D.g.","P+L","Grass","hem",393.152,0.50958174,0.203404457,-2.905777958,-27.8135336,1.075274908,3.7143455,-53.06207858,-28.12149801,"hem",1388.365378,-10.3351080000014
"19","B","D.g.","P+L","Grass","hem",393.152,0.50958174,0.203404457,-2.905777958,-27.8135336,1.075274908,3.7143455,-53.06207858,-28.12149801,"hem",1388.365378,-10.3351080000014
"20","B","H.l.","P+L","Grass","hem",264.0345,0.462572105,0.731656743,-0.96270624,-22.05420538,1.081350843,5.711028651,-7.514511383,-21.78198035,"hem",918.269028,50.4242420000001
"20","B","H.l.","P+L","Grass","hem",264.0345,0.462572105,0.731656743,-0.96270624,-22.05420538,1.081350843,5.711028651,-7.514511383,-21.78198035,"hem",918.269028,50.4242420000001
"20","B","H.l.","P+L","Grass","hem",264.0345,0.462572105,0.731656743,-0.96270624,-22.05420538,1.081350843,5.711028651,-7.514511383,-21.78198035,"hem",918.269028,50.4242420000001
"21","B","G.v.","P+L","Forb","hem",327.1105,0.485542625,1.970367069,11.59039453,-20.39374938,1.083092414,11.19626349,65.86037348,-20.3292325,"hem",1147.974228,67.8399519999995
"21","B","G.v.","P+L","Forb","hem",327.1105,0.485542625,1.970367069,11.59039453,-20.39374938,1.083092414,11.19626349,65.86037348,-20.3292325,"hem",1147.974228,67.8399519999995
"21","B","G.v.","P+L","Forb","hem",327.1105,0.485542625,1.970367069,11.59039453,-20.39374938,1.083092414,11.19626349,65.86037348,-20.3292325,"hem",1147.974228,67.8399519999995
"21","B","G.v.","P+L","Forb","hem",266.6195,0.463513698,0.450303374,-11.25758434,-26.44002038,1.076750479,5.510322288,-137.7580572,-26.48268265,"hem",927.684958,4.42060199999927
"21","B","G.v.","P+L","Forb","hem",266.6195,0.463513698,0.450303374,-11.25758434,-26.44002038,1.076750479,5.510322288,-137.7580572,-26.48268265,"hem",927.684958,4.42060199999927
"21","B","G.v.","P+L","Forb","hem",266.6195,0.463513698,0.450303374,-11.25758434,-26.44002038,1.076750479,5.510322288,-137.7580572,-26.48268265,"hem",927.684958,4.42060199999927
"21","B","G.v.","P+L","Forb","hem",348.0174,0.493153996,0.672274169,4.481827792,-23.04535853,1.080379232,5.505150632,36.70100421,-22.76016028,"hem",1224.087938,40.7081320000002
"21","B","G.v.","P+L","Forb","hem",348.0174,0.493153996,0.672274169,4.481827792,-23.04535853,1.080379232,5.505150632,36.70100421,-22.76016028,"hem",1224.087938,40.7081320000002
"21","B","G.v.","P+L","Forb","hem",348.0174,0.493153996,0.672274169,4.481827792,-23.04535853,1.080379232,5.505150632,36.70100421,-22.76016028,"hem",1224.087938,40.7081320000002
"21","B","G.v.","P+L","Forb","hem",259.2114,0.46081523,0.461731213,5.130346807,-26.48847653,1.076693433,4.001332248,44.4592472,-26.56733921,"hem",900.700278,3.85014199999922
"21","B","G.v.","P+L","Forb","hem",259.2114,0.46081523,0.461731213,5.130346807,-26.48847653,1.076693433,4.001332248,44.4592472,-26.56733921,"hem",900.700278,3.85014199999922
"21","B","G.v.","P+L","Forb","hem",259.2114,0.46081523,0.461731213,5.130346807,-26.48847653,1.076693433,4.001332248,44.4592472,-26.56733921,"hem",900.700278,3.85014199999922
"23","B","P.l.","P+L","Forb","hem",268.7565,0.464292093,1.215767347,-30.39418367,-22.60908138,1.080768846,7.536915519,-188.422888,-22.4766365,"hem",935.468908,44.6042719999995
"23","B","P.l.","P+L","Forb","hem",268.7565,0.464292093,1.215767347,-30.39418367,-22.60908138,1.080768846,7.536915519,-188.422888,-22.4766365,"hem",935.468908,44.6042719999995
"23","B","P.l.","P+L","Forb","hem",268.7565,0.464292093,1.215767347,-30.39418367,-22.60908138,1.080768846,7.536915519,-188.422888,-22.4766365,"hem",935.468908,44.6042719999995
"24","B","C.n.","P+L","Forb","hem",250.8425,0.457766606,0.544051609,-0.755627235,-22.79473538,1.080574117,5.215365953,-7.243563824,-22.53668964,"hem",870.214038,42.656982
"24","B","C.n.","P+L","Forb","hem",250.8425,0.457766606,0.544051609,-0.755627235,-22.79473538,1.080574117,5.215365953,-7.243563824,-22.53668964,"hem",870.214038,42.656982
"24","B","C.n.","P+L","Forb","hem",250.8425,0.457766606,0.544051609,-0.755627235,-22.79473538,1.080574117,5.215365953,-7.243563824,-22.53668964,"hem",870.214038,42.656982
"24","B","C.n.","P+L","Forb","hem",186.7154,0.434400174,0.510650599,-0.141847389,-24.40870653,1.078919824,3.770947531,-1.047485425,-24.15346174,"hem",636.549718,26.1140519999992
"24","B","C.n.","P+L","Forb","hem",186.7154,0.434400174,0.510650599,-0.141847389,-24.40870653,1.078919824,3.770947531,-1.047485425,-24.15346174,"hem",636.549718,26.1140519999992
"24","B","C.n.","P+L","Forb","hem",186.7154,0.434400174,0.510650599,-0.141847389,-24.40870653,1.078919824,3.770947531,-1.047485425,-24.15346174,"hem",636.549718,26.1140519999992
"24","B","C.n.","P+L","Forb","hem",436.1144,0.525213825,0.546859909,0.198858149,-17.52962453,1.086283158,7.246487408,2.63508633,-16.96846716,"hem",1544.686228,99.7473920000003
"24","B","C.n.","P+L","Forb","hem",436.1144,0.525213825,0.546859909,0.198858149,-17.52962453,1.086283158,7.246487408,2.63508633,-16.96846716,"hem",1544.686228,99.7473920000003
"24","B","C.n.","P+L","Forb","hem",436.1144,0.525213825,0.546859909,0.198858149,-17.52962453,1.086283158,7.246487408,2.63508633,-16.96846716,"hem",1544.686228,99.7473920000003
"25","B","R.a.","P+L","Forb","hem",339.3090833,0.489983786,0.474748293,-5.93435366,-23.47036189,1.079835576,5.333414739,-66.66768424,-23.30728468,"hem",1192.385838,35.2715719999996
"25","B","R.a.","P+L","Forb","hem",339.3090833,0.489983786,0.474748293,-5.93435366,-23.47036189,1.079835576,5.333414739,-66.66768424,-23.30728468,"hem",1192.385838,35.2715719999996
"25","B","R.a.","P+L","Forb","hem",339.3090833,0.489983786,0.474748293,-5.93435366,-23.47036189,1.079835576,5.333414739,-66.66768424,-23.30728468,"hem",1192.385838,35.2715719999996
"26","B","M.a.","P+L","Legumes","hem",485.2600833,0.543089706,1.134050386,11.34050386,-19.95000189,1.083489417,9.565313349,95.65313349,-19.88674666,"hem",1723.445038,71.8099819999996
"26","B","M.a.","P+L","Legumes","hem",485.2600833,0.543089706,1.134050386,11.34050386,-19.95000189,1.083489417,9.565313349,95.65313349,-19.88674666,"hem",1723.445038,71.8099819999996
"26","B","M.a.","P+L","Legumes","hem",485.2600833,0.543089706,1.134050386,11.34050386,-19.95000189,1.083489417,9.565313349,95.65313349,-19.88674666,"hem",1723.445038,71.8099819999996
"27","B","T.p.","P+L","Legumes","hem",272.9760833,0.465829025,0.799387845,9.992348062,-22.07802789,1.081280735,9.580017705,119.7502213,-22.04127408,"hem",950.838228,49.7231619999994
"27","B","T.p.","P+L","Legumes","hem",272.9760833,0.465829025,0.799387845,9.992348062,-22.07802789,1.081280735,9.580017705,119.7502213,-22.04127408,"hem",950.838228,49.7231619999994
"27","B","T.p.","P+L","Legumes","hem",272.9760833,0.465829025,0.799387845,9.992348062,-22.07802789,1.081280735,9.580017705,119.7502213,-22.04127408,"hem",950.838228,49.7231619999994
"28","B","L.c.","P+L","Legumes","hem",487.7060833,0.543979227,1.153793366,4.807472359,-23.61581389,1.079684603,18.60698292,77.5290955,-23.67317998,"hem",1732.340248,33.7618419999997
"28","B","L.c.","P+L","Legumes","hem",487.7060833,0.543979227,1.153793366,4.807472359,-23.61581389,1.079684603,18.60698292,77.5290955,-23.67317998,"hem",1732.340248,33.7618419999997
"28","B","L.c.","P+L","Legumes","hem",487.7060833,0.543979227,1.153793366,4.807472359,-23.61581389,1.079684603,18.60698292,77.5290955,-23.67317998,"hem",1732.340248,33.7618419999997
"29","B","M.s.","P+L","Legumes","hem",411.9010833,0.516404292,1.01599089,-0.426886929,-17.57217789,1.085957248,9.091206379,-3.819834613,-17.44992396,"hem",1456.590898,96.4882919999988
"29","B","M.s.","P+L","Legumes","hem",411.9010833,0.516404292,1.01599089,-0.426886929,-17.57217789,1.085957248,9.091206379,-3.819834613,-17.44992396,"hem",1456.590898,96.4882919999988
"29","B","M.s.","P+L","Legumes","hem",411.9010833,0.516404292,1.01599089,-0.426886929,-17.57217789,1.085957248,9.091206379,-3.819834613,-17.44992396,"hem",1456.590898,96.4882919999988
"29","B","M.s.","P+L","Legumes","hem",295.0000833,0.473850232,0.459083846,1.91284936,-18.88019189,1.084599737,11.53756859,48.07320244,-18.88521297,"hem",1031.050298,82.9131819999995
"29","B","M.s.","P+L","Legumes","hem",295.0000833,0.473850232,0.459083846,1.91284936,-18.88019189,1.084599737,11.53756859,48.07320244,-18.88521297,"hem",1031.050298,82.9131819999995
"29","B","M.s.","P+L","Legumes","hem",295.0000833,0.473850232,0.459083846,1.91284936,-18.88019189,1.084599737,11.53756859,48.07320244,-18.88521297,"hem",1031.050298,82.9131819999995
"29","B","M.s.","P+L","Legumes","hem",714.6500833,0.626441391,1.171853405,19.53089009,-7.836379895,1.096060287,8.031192759,133.8532126,-7.386629765,"hem",2556.961888,197.518682
"29","B","M.s.","P+L","Legumes","hem",714.6500833,0.626441391,1.171853405,19.53089009,-7.836379895,1.096060287,8.031192759,133.8532126,-7.386629765,"hem",2556.961888,197.518682
"29","B","M.s.","P+L","Legumes","hem",714.6500833,0.626441391,1.171853405,19.53089009,-7.836379895,1.096060287,8.031192759,133.8532126,-7.386629765,"hem",2556.961888,197.518682
"29","B","M.s.","P+L","Legumes","hem",388.1754,0.507770661,0.319468863,0.163830186,-22.87264053,1.080564116,4.837677064,2.480860033,-22.51161454,"hem",1370.254588,42.5569719999985
"29","B","M.s.","P+L","Legumes","hem",388.1754,0.507770661,0.319468863,0.163830186,-22.87264053,1.080564116,4.837677064,2.480860033,-22.51161454,"hem",1370.254588,42.5569719999985
"29","B","M.s.","P+L","Legumes","hem",388.1754,0.507770661,0.319468863,0.163830186,-22.87264053,1.080564116,4.837677064,2.480860033,-22.51161454,"hem",1370.254588,42.5569719999985
"29","B","M.s.","P+L","Legumes","hem",370.9304,0.501494371,0.856546873,-0.095703561,-27.33469253,1.075787531,5.350015039,-0.597767043,-27.47577351,"hem",1307.491688,-5.20887800000036
"29","B","M.s.","P+L","Legumes","hem",370.9304,0.501494371,0.856546873,-0.095703561,-27.33469253,1.075787531,5.350015039,-0.597767043,-27.47577351,"hem",1307.491688,-5.20887800000036
"29","B","M.s.","P+L","Legumes","hem",370.9304,0.501494371,0.856546873,-0.095703561,-27.33469253,1.075787531,5.350015039,-0.597767043,-27.47577351,"hem",1307.491688,-5.20887800000036
"29","B","M.s.","P+L","Legumes","hem",460.9084,0.534233011,1.344251126,10.34039327,-6.415374533,1.098177479,7.729122017,59.45478474,-5.228832488,"hem",1634.878088,218.690602
"29","B","M.s.","P+L","Legumes","hem",460.9084,0.534233011,1.344251126,10.34039327,-6.415374533,1.098177479,7.729122017,59.45478474,-5.228832488,"hem",1634.878088,218.690602
"29","B","M.s.","P+L","Legumes","hem",460.9084,0.534233011,1.344251126,10.34039327,-6.415374533,1.098177479,7.729122017,59.45478474,-5.228832488,"hem",1634.878088,218.690602
"29","B","M.s.","P+L","Legumes","hem",411.2344,0.51616171,0.995304192,9.953041925,-15.73294853,1.088206131,7.552920774,75.52920774,-15.09171861,"hem",1454.165078,118.977121999999
"29","B","M.s.","P+L","Legumes","hem",411.2344,0.51616171,0.995304192,9.953041925,-15.73294853,1.088206131,7.552920774,75.52920774,-15.09171861,"hem",1454.165078,118.977121999999
"29","B","M.s.","P+L","Legumes","hem",411.2344,0.51616171,0.995304192,9.953041925,-15.73294853,1.088206131,7.552920774,75.52920774,-15.09171861,"hem",1454.165078,118.977121999999
"29","B","M.s.","P+L","Legumes","hem",616.6154,0.590836381,0.987647649,6.172797808,-20.73052853,1.082857063,9.503420781,59.39637988,-20.50109224,"hem",2200.911788,65.4864420000001
"29","B","M.s.","P+L","Legumes","hem",616.6154,0.590836381,0.987647649,6.172797808,-20.73052853,1.082857063,9.503420781,59.39637988,-20.50109224,"hem",2200.911788,65.4864420000001
"29","B","M.s.","P+L","Legumes","hem",616.6154,0.590836381,0.987647649,6.172797808,-20.73052853,1.082857063,9.503420781,59.39637988,-20.50109224,"hem",2200.911788,65.4864420000001
"30","B","T.r.","P+L","Legumes","hem",378.3530833,0.504195942,2.143608329,19.48734844,-20.05961789,1.083375648,10.62231172,96.56647017,-20.03741461,"hem",1334.507398,70.6722920000002
"30","B","T.r.","P+L","Legumes","hem",378.3530833,0.504195942,2.143608329,19.48734844,-20.05961789,1.083375648,10.62231172,96.56647017,-20.03741461,"hem",1334.507398,70.6722920000002
"30","B","T.r.","P+L","Legumes","hem",378.3530833,0.504195942,2.143608329,19.48734844,-20.05961789,1.083375648,10.62231172,96.56647017,-20.03741461,"hem",1334.507398,70.6722920000002
"32","B","F.o.","L","Grass","hem",174.6590833,0.430005906,0.103392511,-0.430802129,-25.91142589,1.077301796,3.137192439,-13.07163516,-25.90876065,"hem",592.607038,9.93377199999923
"32","B","F.o.","L","Grass","hem",174.6590833,0.430005906,0.103392511,-0.430802129,-25.91142589,1.077301796,3.137192439,-13.07163516,-25.90876065,"hem",592.607038,9.93377199999923
"32","B","F.o.","L","Grass","hem",174.6590833,0.430005906,0.103392511,-0.430802129,-25.91142589,1.077301796,3.137192439,-13.07163516,-25.90876065,"hem",592.607038,9.93377199999923
"33","B","A.o.","L","Grass","hem",458.6490833,0.533411218,1.300428093,16.25535116,-23.53570989,1.079767747,9.759169206,121.9896151,-23.5197214,"hem",1626.660158,34.5932819999994
"33","B","A.o.","L","Grass","hem",458.6490833,0.533411218,1.300428093,16.25535116,-23.53570989,1.079767747,9.759169206,121.9896151,-23.5197214,"hem",1626.660158,34.5932819999994
"33","B","A.o.","L","Grass","hem",458.6490833,0.533411218,1.300428093,16.25535116,-23.53570989,1.079767747,9.759169206,121.9896151,-23.5197214,"hem",1626.660158,34.5932819999994
"33","B","A.o.","L","Grass","hem",513.8184,0.553474342,1.062572677,17.70954461,-26.34130853,1.076850979,7.827221988,130.4536998,-26.36634938,"hem",1827.291398,5.42560199999986
"33","B","A.o.","L","Grass","hem",513.8184,0.553474342,1.062572677,17.70954461,-26.34130853,1.076850979,7.827221988,130.4536998,-26.36634938,"hem",1827.291398,5.42560199999986
"33","B","A.o.","L","Grass","hem",513.8184,0.553474342,1.062572677,17.70954461,-26.34130853,1.076850979,7.827221988,130.4536998,-26.36634938,"hem",1827.291398,5.42560199999986
"34","B","D.g.","L","Grass","hem",496.6600833,0.547235338,0.863751113,7.197925942,-27.11930989,1.076047986,9.549652862,79.58044052,-27.14409335,"hem",1764.901358,-2.60432799999988
"34","B","D.g.","L","Grass","hem",496.6600833,0.547235338,0.863751113,7.197925942,-27.11930989,1.076047986,9.549652862,79.58044052,-27.14409335,"hem",1764.901358,-2.60432799999988
"34","B","D.g.","L","Grass","hem",496.6600833,0.547235338,0.863751113,7.197925942,-27.11930989,1.076047986,9.549652862,79.58044052,-27.14409335,"hem",1764.901358,-2.60432799999988
"35","B","H.l.","L","Grass","hem",399.5350833,0.511904567,0.925830352,-1.683327914,-25.58995589,1.077635483,6.285632854,-11.42842337,-25.5812372,"hem",1411.593648,13.2706419999984
"35","B","H.l.","L","Grass","hem",399.5350833,0.511904567,0.925830352,-1.683327914,-25.58995589,1.077635483,6.285632854,-11.42842337,-25.5812372,"hem",1411.593648,13.2706419999984
"35","B","H.l.","L","Grass","hem",399.5350833,0.511904567,0.925830352,-1.683327914,-25.58995589,1.077635483,6.285632854,-11.42842337,-25.5812372,"hem",1411.593648,13.2706419999984
"36","B","G.v.","L","Forb","hem",282.0400833,0.469130318,1.823957562,-2.806088557,-24.94596189,1.078303945,9.150292346,-14.07737284,-24.94075399,"hem",983.851158,19.9552619999999
"36","B","G.v.","L","Forb","hem",282.0400833,0.469130318,1.823957562,-2.806088557,-24.94596189,1.078303945,9.150292346,-14.07737284,-24.94075399,"hem",983.851158,19.9552619999999
"36","B","G.v.","L","Forb","hem",282.0400833,0.469130318,1.823957562,-2.806088557,-24.94596189,1.078303945,9.150292346,-14.07737284,-24.94075399,"hem",983.851158,19.9552619999999
"38","B","P.l.","L","Forb","hem",391.7760833,0.509081024,0.509867394,-16.99557981,-26.92748189,1.07624711,4.186638273,-139.5546091,-27.03913168,"hem",1383.358218,-0.613088000001039
"38","B","P.l.","L","Forb","hem",391.7760833,0.509081024,0.509867394,-16.99557981,-26.92748189,1.07624711,4.186638273,-139.5546091,-27.03913168,"hem",1383.358218,-0.613088000001039
"38","B","P.l.","L","Forb","hem",391.7760833,0.509081024,0.509867394,-16.99557981,-26.92748189,1.07624711,4.186638273,-139.5546091,-27.03913168,"hem",1383.358218,-0.613088000001039
"38","B","P.l.","L","Forb","hem",-1.8556,0.365625662,8.215921364,164.3184273,-26.73988853,1.076424289,55.19107173,1103.821435,-26.73627091,"hem",-51.1954019999999,1.15870199999923
"38","B","P.l.","L","Forb","hem",-1.8556,0.365625662,8.215921364,164.3184273,-26.73988853,1.076424289,55.19107173,1103.821435,-26.73627091,"hem",-51.1954019999999,1.15870199999923
"38","B","P.l.","L","Forb","hem",-1.8556,0.365625662,8.215921364,164.3184273,-26.73988853,1.076424289,55.19107173,1103.821435,-26.73627091,"hem",-51.1954019999999,1.15870199999923
"39","B","C.n.","L","Forb","hem",514.8820833,0.553861086,0.382082914,12.73609714,-28.88054389,1.07421973,5.101623064,170.0541021,-29.10884005,"hem",1831.158838,-20.8868880000002
"39","B","C.n.","L","Forb","hem",514.8820833,0.553861086,0.382082914,12.73609714,-28.88054389,1.07421973,5.101623064,170.0541021,-29.10884005,"hem",1831.158838,-20.8868880000002
"39","B","C.n.","L","Forb","hem",514.8820833,0.553861086,0.382082914,12.73609714,-28.88054389,1.07421973,5.101623064,170.0541021,-29.10884005,"hem",1831.158838,-20.8868880000002
"40","B","R.a.","L","Forb","hem",224.2440833,0.448076089,0.658536436,NA,-25.75964989,1.07745934,4.328663005,NA,-25.74716481,"hem",773.308868,11.5092120000004
"40","B","R.a.","L","Forb","hem",224.2440833,0.448076089,0.658536436,NA,-25.75964989,1.07745934,4.328663005,NA,-25.74716481,"hem",773.308868,11.5092120000004
"40","B","R.a.","L","Forb","hem",224.2440833,0.448076089,0.658536436,NA,-25.75964989,1.07745934,4.328663005,NA,-25.74716481,"hem",773.308868,11.5092120000004
"41","B","M.a.","L","Legumes","hem",180.3900833,0.432094781,0.746294379,12.43823965,-26.59230989,1.076595027,6.031727722,100.5287954,-26.6354181,"hem",613.495788,2.86608199999927
"41","B","M.a.","L","Legumes","hem",180.3900833,0.432094781,0.746294379,12.43823965,-26.59230989,1.076595027,6.031727722,100.5287954,-26.6354181,"hem",613.495788,2.86608199999927
"41","B","M.a.","L","Legumes","hem",180.3900833,0.432094781,0.746294379,12.43823965,-26.59230989,1.076595027,6.031727722,100.5287954,-26.6354181,"hem",613.495788,2.86608199999927
"42","B","T.p.","L","Legumes","hem",137.2430833,0.416366109,0.084601575,-0.769105227,-28.81941189,1.074283189,4.321055259,-39.28232054,-29.11818618,"hem",456.209068,-20.2522980000008
"42","B","T.p.","L","Legumes","hem",137.2430833,0.416366109,0.084601575,-0.769105227,-28.81941189,1.074283189,4.321055259,-39.28232054,-29.11818618,"hem",456.209068,-20.2522980000008
"42","B","T.p.","L","Legumes","hem",137.2430833,0.416366109,0.084601575,-0.769105227,-28.81941189,1.074283189,4.321055259,-39.28232054,-29.11818618,"hem",456.209068,-20.2522980000008
"43","B","L.c.","L","Legumes","hem",129.3090833,0.413473333,0.171128105,-5.704270164,-28.44313389,1.074673792,3.760858347,-125.3619449,-28.77015577,"hem",427.281308,-16.3462680000004
"43","B","L.c.","L","Legumes","hem",129.3090833,0.413473333,0.171128105,-5.704270164,-28.44313389,1.074673792,3.760858347,-125.3619449,-28.77015577,"hem",427.281308,-16.3462680000004
"43","B","L.c.","L","Legumes","hem",129.3090833,0.413473333,0.171128105,-5.704270164,-28.44313389,1.074673792,3.760858347,-125.3619449,-28.77015577,"hem",427.281308,-16.3462680000004
"44","B","M.s.","L","Legumes","hem",204.0800833,0.440728546,1.367598364,10.51998742,-25.91353389,1.077299607,8.201644566,63.08957358,-25.92254416,"hem",699.833438,9.91188199999993
"44","B","M.s.","L","Legumes","hem",204.0800833,0.440728546,1.367598364,10.51998742,-25.91353389,1.077299607,8.201644566,63.08957358,-25.92254416,"hem",699.833438,9.91188199999993
"44","B","M.s.","L","Legumes","hem",204.0800833,0.440728546,1.367598364,10.51998742,-25.91353389,1.077299607,8.201644566,63.08957358,-25.92254416,"hem",699.833438,9.91188199999993
"45","B","T.r.","L","Legumes","hem",280.5610833,0.468591651,0.330112952,6.602259047,-27.43656389,1.075718664,3.734762578,74.69525156,-27.63604584,"hem",978.464488,-5.89754800000009
"45","B","T.r.","L","Legumes","hem",280.5610833,0.468591651,0.330112952,6.602259047,-27.43656389,1.075718664,3.734762578,74.69525156,-27.63604584,"hem",978.464488,-5.89754800000009
"45","B","T.r.","L","Legumes","hem",280.5610833,0.468591651,0.330112952,6.602259047,-27.43656389,1.075718664,3.734762578,74.69525156,-27.63604584,"hem",978.464488,-5.89754800000009
"46","B",NA,"T","Temoins","hem",15.63808333,0.372009854,0.367323475,36.73234754,-26.76832789,1.076412316,5.602215585,560.2215585,-26.8278765,"hem",12.6465179999996,1.03897200000036
"46","B",NA,"T","Temoins","hem",15.63808333,0.372009854,0.367323475,36.73234754,-26.76832789,1.076412316,5.602215585,560.2215585,-26.8278765,"hem",12.6465179999996,1.03897200000036
"46","B",NA,"T","Temoins","hem",15.63808333,0.372009854,0.367323475,36.73234754,-26.76832789,1.076412316,5.602215585,560.2215585,-26.8278765,"hem",12.6465179999996,1.03897200000036
"47","B",NA,"T","Temoins","hem",15.1305,0.371824627,0.555238582,0.186949018,-27.38602138,1.075758145,5.995005706,2.01852044,-27.48583198,"hem",10.7942480000001,-5.50273800000056
"47","B",NA,"T","Temoins","hem",15.1305,0.371824627,0.555238582,0.186949018,-27.38602138,1.075758145,5.995005706,2.01852044,-27.48583198,"hem",10.7942480000001,-5.50273800000056
"47","B",NA,"T","Temoins","hem",15.1305,0.371824627,0.555238582,0.186949018,-27.38602138,1.075758145,5.995005706,2.01852044,-27.48583198,"hem",10.7942480000001,-5.50273800000056
"1","C","N.s.","P","Grass","hem",7.270083333,0.368956116,0.873109602,7.937360022,-9.617639895,1.094211991,8.47582123,NA,-9.283883301,"hem",-17.8908620000001,179.035722
"1","C","N.s.","P","Grass","hem",7.270083333,0.368956116,0.873109602,7.937360022,-9.617639895,1.094211991,8.47582123,NA,-9.283883301,"hem",-17.8908620000001,179.035722
"1","C","N.s.","P","Grass","hem",7.270083333,0.368956116,0.873109602,7.937360022,-9.617639895,1.094211991,8.47582123,NA,-9.283883301,"hem",-17.8908620000001,179.035722
"2","C","F.o.","P","Grass","hem",17.38208333,0.372646269,0.39821638,5.688805429,-23.39447389,1.079914344,7.171157476,102.4451068,-23.31342917,"hem",19.0106679999996,36.0592520000003
"2","C","F.o.","P","Grass","hem",17.38208333,0.372646269,0.39821638,5.688805429,-23.39447389,1.079914344,7.171157476,102.4451068,-23.31342917,"hem",19.0106679999996,36.0592520000003
"2","C","F.o.","P","Grass","hem",17.38208333,0.372646269,0.39821638,5.688805429,-23.39447389,1.079914344,7.171157476,102.4451068,-23.31342917,"hem",19.0106679999996,36.0592520000003
"3","C","A.o.","P","Grass","hem",11.85508333,0.370629345,1.250428699,31.26071748,-16.22832789,1.087351911,7.134317469,178.3579367,-15.88885795,"hem",-1.15857200000014,110.434922
"3","C","A.o.","P","Grass","hem",11.85508333,0.370629345,1.250428699,31.26071748,-16.22832789,1.087351911,7.134317469,178.3579367,-15.88885795,"hem",-1.15857200000014,110.434922
"3","C","A.o.","P","Grass","hem",11.85508333,0.370629345,1.250428699,31.26071748,-16.22832789,1.087351911,7.134317469,178.3579367,-15.88885795,"hem",-1.15857200000014,110.434922
"4","C","D.g.","P","Grass","hem",28.86408333,0.376836043,0.935054458,23.37636144,0.510246105,1.104720111,6.347348041,158.683701,1.766491088,"hem",60.908408,284.116922
"4","C","D.g.","P","Grass","hem",28.86408333,0.376836043,0.935054458,23.37636144,0.510246105,1.104720111,6.347348041,158.683701,1.766491088,"hem",60.908408,284.116922
"4","C","D.g.","P","Grass","hem",28.86408333,0.376836043,0.935054458,23.37636144,0.510246105,1.104720111,6.347348041,158.683701,1.766491088,"hem",60.908408,284.116922
"5","C","H.l.","P","Grass","hem",9.686083333,0.369837807,0.640382353,16.00955883,-22.94441589,1.080381481,5.400781354,135.0195339,-22.75017061,"hem",-9.07395199999994,40.7306220000003
"5","C","H.l.","P","Grass","hem",9.686083333,0.369837807,0.640382353,16.00955883,-22.94441589,1.080381481,5.400781354,135.0195339,-22.75017061,"hem",-9.07395199999994,40.7306220000003
"5","C","H.l.","P","Grass","hem",9.686083333,0.369837807,0.640382353,16.00955883,-22.94441589,1.080381481,5.400781354,135.0195339,-22.75017061,"hem",-9.07395199999994,40.7306220000003
"5","C","H.l.","P","Grass","hem",15.74308333,0.372048171,0.181202984,-4.53007461,-23.62740789,1.079672569,3.716318724,-92.9079681,-23.32778043,"hem",13.0296879999997,33.6415019999992
"5","C","H.l.","P","Grass","hem",15.74308333,0.372048171,0.181202984,-4.53007461,-23.62740789,1.079672569,3.716318724,-92.9079681,-23.32778043,"hem",13.0296879999997,33.6415019999992
"5","C","H.l.","P","Grass","hem",15.74308333,0.372048171,0.181202984,-4.53007461,-23.62740789,1.079672569,3.716318724,-92.9079681,-23.32778043,"hem",13.0296879999997,33.6415019999992
"6","C","G.v.","P","Forb","hem",31.026,0.377624886,1.009014231,20.18028461,-20.7852396,1.082798501,7.222462059,144.4492412,-20.43989928,"hem",68.7968379999998,64.9008220000002
"6","C","G.v.","P","Forb","hem",31.026,0.377624886,1.009014231,20.18028461,-20.7852396,1.082798501,7.222462059,144.4492412,-20.43989928,"hem",68.7968379999998,64.9008220000002
"6","C","G.v.","P","Forb","hem",31.026,0.377624886,1.009014231,20.18028461,-20.7852396,1.082798501,7.222462059,144.4492412,-20.43989928,"hem",68.7968379999998,64.9008220000002
"7","C","C.r.","P","Forb","hem",34.352,0.378838456,0.855894324,0.355142873,-25.7480716,1.077486047,10.54490926,4.37548102,-25.7431875,"hem",80.9325379999998,11.776282
"7","C","C.r.","P","Forb","hem",34.352,0.378838456,0.855894324,0.355142873,-25.7480716,1.077486047,10.54490926,4.37548102,-25.7431875,"hem",80.9325379999998,11.776282
"7","C","C.r.","P","Forb","hem",34.352,0.378838456,0.855894324,0.355142873,-25.7480716,1.077486047,10.54490926,4.37548102,-25.7431875,"hem",80.9325379999998,11.776282
"8","C","P.l.","P","Forb","hem",8.937,0.36956444,0.460547147,15.35157156,-24.2477756,1.079092096,5.420214323,180.6738108,-24.0769215,"hem",-11.8076220000002,27.8367719999983
"8","C","P.l.","P","Forb","hem",8.937,0.36956444,0.460547147,15.35157156,-24.2477756,1.079092096,5.420214323,180.6738108,-24.0769215,"hem",-11.8076220000002,27.8367719999983
"8","C","P.l.","P","Forb","hem",8.937,0.36956444,0.460547147,15.35157156,-24.2477756,1.079092096,5.420214323,180.6738108,-24.0769215,"hem",-11.8076220000002,27.8367719999983
"9","C","C.n.","P","Forb","hem",17.656,0.372746226,0.766965408,NA,-25.2718196,1.077995874,8.085937971,NA,-25.23503757,"hem",20.010238,16.8745519999991
"9","C","C.n.","P","Forb","hem",17.656,0.372746226,0.766965408,NA,-25.2718196,1.077995874,8.085937971,NA,-25.23503757,"hem",20.010238,16.8745519999991
"9","C","C.n.","P","Forb","hem",17.656,0.372746226,0.766965408,NA,-25.2718196,1.077995874,8.085937971,NA,-25.23503757,"hem",20.010238,16.8745519999991
"10","C","R.a.","P","Forb","hem",26.722,0.376054425,0.194731392,-6.491046396,-25.3791296,1.077880999,4.85898626,-161.9662087,-25.31182203,"hem",53.0922280000001,15.7258019999995
"10","C","R.a.","P","Forb","hem",26.722,0.376054425,0.194731392,-6.491046396,-25.3791296,1.077880999,4.85898626,-161.9662087,-25.31182203,"hem",53.0922280000001,15.7258019999995
"10","C","R.a.","P","Forb","hem",26.722,0.376054425,0.194731392,-6.491046396,-25.3791296,1.077880999,4.85898626,-161.9662087,-25.31182203,"hem",53.0922280000001,15.7258019999995
"11","C","M.a.","P","Legumes","hem",7.086,0.368888936,0.655633739,65.56337393,-19.0294436,1.084677853,5.498061832,549.8061832,-18.348833,"hem",-18.5626620000001,83.6943420000003
"11","C","M.a.","P","Legumes","hem",7.086,0.368888936,0.655633739,65.56337393,-19.0294436,1.084677853,5.498061832,549.8061832,-18.348833,"hem",-18.5626620000001,83.6943420000003
"11","C","M.a.","P","Legumes","hem",7.086,0.368888936,0.655633739,65.56337393,-19.0294436,1.084677853,5.498061832,549.8061832,-18.348833,"hem",-18.5626620000001,83.6943420000003
"12","C","T.p.","P","Legumes","hem",28.835,0.376825431,0.782433413,39.12167063,-20.2241616,1.08339907,6.158889332,307.9444666,-19.74326817,"hem",60.8022879999998,70.9065119999997
"12","C","T.p.","P","Legumes","hem",28.835,0.376825431,0.782433413,39.12167063,-20.2241616,1.08339907,6.158889332,307.9444666,-19.74326817,"hem",60.8022879999998,70.9065119999997
"12","C","T.p.","P","Legumes","hem",28.835,0.376825431,0.782433413,39.12167063,-20.2241616,1.08339907,6.158889332,307.9444666,-19.74326817,"hem",60.8022879999998,70.9065119999997
"13","C","L.c.","P","Legumes","hem",7.291,0.368963749,0.833378519,83.33785192,-13.3501896,1.090756269,5.797568913,579.7568913,-12.1984553,"hem",-17.814532,144.478501999998
"13","C","L.c.","P","Legumes","hem",7.291,0.368963749,0.833378519,83.33785192,-13.3501896,1.090756269,5.797568913,579.7568913,-12.1984553,"hem",-17.814532,144.478501999998
"13","C","L.c.","P","Legumes","hem",7.291,0.368963749,0.833378519,83.33785192,-13.3501896,1.090756269,5.797568913,579.7568913,-12.1984553,"hem",-17.814532,144.478501999998
"14","C","M.s.","P","Legumes","hem",17.263,0.372602814,0.351617441,-5.860290691,-9.5319976,1.0948424,5.302948786,-88.38247977,-7.835595821,"hem",18.5761179999999,185.339812
"14","C","M.s.","P","Legumes","hem",17.263,0.372602814,0.351617441,-5.860290691,-9.5319976,1.0948424,5.302948786,-88.38247977,-7.835595821,"hem",18.5761179999999,185.339812
"14","C","M.s.","P","Legumes","hem",17.263,0.372602814,0.351617441,-5.860290691,-9.5319976,1.0948424,5.302948786,-88.38247977,-7.835595821,"hem",18.5761179999999,185.339812
"15","C","T.r.","P","Legumes","hem",26.965,0.376143093,0.405355264,-8.107105285,-24.9631756,1.078326275,3.90639423,-78.12788461,-24.80648248,"hem",53.9789079999997,20.1785619999995
"15","C","T.r.","P","Legumes","hem",26.965,0.376143093,0.405355264,-8.107105285,-24.9631756,1.078326275,3.90639423,-78.12788461,-24.80648248,"hem",53.9789079999997,20.1785619999995
"15","C","T.r.","P","Legumes","hem",26.965,0.376143093,0.405355264,-8.107105285,-24.9631756,1.078326275,3.90639423,-78.12788461,-24.80648248,"hem",53.9789079999997,20.1785619999995
"17","C","F.o.","P+L","Grass","hem",370.735,0.501423251,0.48639101,-6.948443003,-18.6870736,1.085044307,4.294330272,-61.34757532,-17.68736621,"hem",1306.780488,87.3588819999993
"17","C","F.o.","P+L","Grass","hem",370.735,0.501423251,0.48639101,-6.948443003,-18.6870736,1.085044307,4.294330272,-61.34757532,-17.68736621,"hem",1306.780488,87.3588819999993
"17","C","F.o.","P+L","Grass","hem",370.735,0.501423251,0.48639101,-6.948443003,-18.6870736,1.085044307,4.294330272,-61.34757532,-17.68736621,"hem",1306.780488,87.3588819999993
"18","C","A.o.","P+L","Grass","hem",957.719,0.714611161,0.45759473,-6.537067568,-22.5297936,1.080931111,4.308892104,-61.55560149,-22.06019412,"hem",3438.659588,46.2269219999989
"18","C","A.o.","P+L","Grass","hem",957.719,0.714611161,0.45759473,-6.537067568,-22.5297936,1.080931111,4.308892104,-61.55560149,-22.06019412,"hem",3438.659588,46.2269219999989
"18","C","A.o.","P+L","Grass","hem",957.719,0.714611161,0.45759473,-6.537067568,-22.5297936,1.080931111,4.308892104,-61.55560149,-22.06019412,"hem",3438.659588,46.2269219999989
"19","C","D.g.","P+L","Grass","hem",261.198,0.461538882,0.554726353,55.47263535,-19.2685916,1.08442188,7.636017647,763.6017647,-18.85649953,"hem",907.936798,81.134612
"19","C","D.g.","P+L","Grass","hem",261.198,0.461538882,0.554726353,55.47263535,-19.2685916,1.08442188,7.636017647,763.6017647,-18.85649953,"hem",907.936798,81.134612
"19","C","D.g.","P+L","Grass","hem",261.198,0.461538882,0.554726353,55.47263535,-19.2685916,1.08442188,7.636017647,763.6017647,-18.85649953,"hem",907.936798,81.134612
"20","C","H.l.","P+L","Grass","hem",406.268,0.514354583,1.493736443,16.59707159,-20.8578016,1.082720831,8.906048223,98.95609136,-20.60965258,"hem",1436.093808,64.124122
"20","C","H.l.","P+L","Grass","hem",406.268,0.514354583,1.493736443,16.59707159,-20.8578016,1.082720831,8.906048223,98.95609136,-20.60965258,"hem",1436.093808,64.124122
"20","C","H.l.","P+L","Grass","hem",406.268,0.514354583,1.493736443,16.59707159,-20.8578016,1.082720831,8.906048223,98.95609136,-20.60965258,"hem",1436.093808,64.124122
"21","C","G.v.","P+L","Forb","hem",260.384,0.46124237,0.960338795,32.01129317,-22.0801136,1.08141246,7.011714693,233.7238231,-21.81028124,"hem",904.971678,51.0404119999985
"21","C","G.v.","P+L","Forb","hem",260.384,0.46124237,0.960338795,32.01129317,-22.0801136,1.08141246,7.011714693,233.7238231,-21.81028124,"hem",904.971678,51.0404119999985
"21","C","G.v.","P+L","Forb","hem",260.384,0.46124237,0.960338795,32.01129317,-22.0801136,1.08141246,7.011714693,233.7238231,-21.81028124,"hem",904.971678,51.0404119999985
"23","C","P.l.","P+L","Forb","hem",370.099,0.501191764,1.751585872,-58.38619574,-17.9369256,1.085847216,9.146289958,-304.8763319,-17.56121242,"hem",1304.465618,95.3879719999984
"23","C","P.l.","P+L","Forb","hem",370.099,0.501191764,1.751585872,-58.38619574,-17.9369256,1.085847216,9.146289958,-304.8763319,-17.56121242,"hem",1304.465618,95.3879719999984
"23","C","P.l.","P+L","Forb","hem",370.099,0.501191764,1.751585872,-58.38619574,-17.9369256,1.085847216,9.146289958,-304.8763319,-17.56121242,"hem",1304.465618,95.3879719999984
"24","C","C.n.","P+L","Forb","hem",263.989,0.462555531,0.745577757,14.91155514,-25.6141896,1.077629368,7.203458105,144.0691621,-25.59289049,"hem",918.103288,13.2094919999992
"24","C","C.n.","P+L","Forb","hem",263.989,0.462555531,0.745577757,14.91155514,-25.6141896,1.077629368,7.203458105,144.0691621,-25.59289049,"hem",918.103288,13.2094919999992
"24","C","C.n.","P+L","Forb","hem",263.989,0.462555531,0.745577757,14.91155514,-25.6141896,1.077629368,7.203458105,144.0691621,-25.59289049,"hem",918.103288,13.2094919999992
"25","C","R.a.","P+L","Forb","hem",564.406,0.571864145,0.223984257,-22.39842574,-20.6993916,1.082890392,3.740423078,-374.0423078,-19.8277041,"hem",2011.189428,65.8197319999987
"25","C","R.a.","P+L","Forb","hem",564.406,0.571864145,0.223984257,-22.39842574,-20.6993916,1.082890392,3.740423078,-374.0423078,-19.8277041,"hem",2011.189428,65.8197319999987
"25","C","R.a.","P+L","Forb","hem",564.406,0.571864145,0.223984257,-22.39842574,-20.6993916,1.082890392,3.740423078,-374.0423078,-19.8277041,"hem",2011.189428,65.8197319999987
"26","C","M.a.","P+L","Legumes","hem",595.424,0.583136567,2.273672274,11.36836137,-2.5139236,1.102352081,11.65914668,58.29573341,-1.777255362,"hem",2123.913648,260.436622
"26","C","M.a.","P+L","Legumes","hem",595.424,0.583136567,2.273672274,11.36836137,-2.5139236,1.102352081,11.65914668,58.29573341,-1.777255362,"hem",2123.913648,260.436622
"26","C","M.a.","P+L","Legumes","hem",595.424,0.583136567,2.273672274,11.36836137,-2.5139236,1.102352081,11.65914668,58.29573341,-1.777255362,"hem",2123.913648,260.436622
"27","C","T.p.","P+L","Legumes","hem",353.562,0.495172369,0.959812444,31.99374812,-11.3869276,1.092857344,5.930614061,197.6871354,-10.09688217,"hem",1244.271668,165.489252
"27","C","T.p.","P+L","Legumes","hem",353.562,0.495172369,0.959812444,31.99374812,-11.3869276,1.092857344,5.930614061,197.6871354,-10.09688217,"hem",1244.271668,165.489252
"27","C","T.p.","P+L","Legumes","hem",353.562,0.495172369,0.959812444,31.99374812,-11.3869276,1.092857344,5.930614061,197.6871354,-10.09688217,"hem",1244.271668,165.489252
"28","C","L.c.","P+L","Legumes","hem",344.523,0.491881905,1.171433381,9.76194484,-7.7659816,1.09673223,8.131757309,67.76464425,-6.741840779,"hem",1211.367028,204.238111999999
"28","C","L.c.","P+L","Legumes","hem",344.523,0.491881905,1.171433381,9.76194484,-7.7659816,1.09673223,8.131757309,67.76464425,-6.741840779,"hem",1211.367028,204.238111999999
"28","C","L.c.","P+L","Legumes","hem",344.523,0.491881905,1.171433381,9.76194484,-7.7659816,1.09673223,8.131757309,67.76464425,-6.741840779,"hem",1211.367028,204.238111999999
"30","C","T.r.","P+L","Legumes","hem",221.534,0.447088627,0.792226242,8.802513804,-25.1502016,1.078126066,11.44967539,127.2186154,-25.12705485,"hem",763.434248,18.1764719999999
"30","C","T.r.","P+L","Legumes","hem",221.534,0.447088627,0.792226242,8.802513804,-25.1502016,1.078126066,11.44967539,127.2186154,-25.12705485,"hem",763.434248,18.1764719999999
"30","C","T.r.","P+L","Legumes","hem",221.534,0.447088627,0.792226242,8.802513804,-25.1502016,1.078126066,11.44967539,127.2186154,-25.12705485,"hem",763.434248,18.1764719999999
"32","C","F.o.","L","Grass","hem",373.424,0.502401962,0.283961046,-7.099026141,-27.5600776,1.075546246,3.633081091,-90.82702728,-27.83362079,"hem",1316.567598,-7.62172800000016
"32","C","F.o.","L","Grass","hem",373.424,0.502401962,0.283961046,-7.099026141,-27.5600776,1.075546246,3.633081091,-90.82702728,-27.83362079,"hem",1316.567598,-7.62172800000016
"32","C","F.o.","L","Grass","hem",373.424,0.502401962,0.283961046,-7.099026141,-27.5600776,1.075546246,3.633081091,-90.82702728,-27.83362079,"hem",1316.567598,-7.62172800000016
"33","C","A.o.","L","Grass","hem",643.196,0.600492654,0.457076248,-45.70762483,-24.8119196,1.078488192,4.002424053,-400.2424053,-24.63755738,"hem",2297.474518,21.7977319999996
"33","C","A.o.","L","Grass","hem",643.196,0.600492654,0.457076248,-45.70762483,-24.8119196,1.078488192,4.002424053,-400.2424053,-24.63755738,"hem",2297.474518,21.7977319999996
"33","C","A.o.","L","Grass","hem",643.196,0.600492654,0.457076248,-45.70762483,-24.8119196,1.078488192,4.002424053,-400.2424053,-24.63755738,"hem",2297.474518,21.7977319999996
"34","C","D.g.","L","Grass","hem",189.693,0.435485385,0.920039677,8.363997068,-26.7567856,1.076406201,5.700764824,51.82513476,-26.83241039,"hem",647.401828,0.977821999998962
"34","C","D.g.","L","Grass","hem",189.693,0.435485385,0.920039677,8.363997068,-26.7567856,1.076406201,5.700764824,51.82513476,-26.83241039,"hem",647.401828,0.977821999998962
"34","C","D.g.","L","Grass","hem",189.693,0.435485385,0.920039677,8.363997068,-26.7567856,1.076406201,5.700764824,51.82513476,-26.83241039,"hem",647.401828,0.977821999998962
"35","C","H.l.","L","Grass","hem",498.411,0.547872031,1.226911189,24.53822378,-24.5226936,1.078797803,5.678758446,113.5751689,-24.38853792,"hem",1771.268288,24.893842
"35","C","H.l.","L","Grass","hem",498.411,0.547872031,1.226911189,24.53822378,-24.5226936,1.078797803,5.678758446,113.5751689,-24.38853792,"hem",1771.268288,24.893842
"35","C","H.l.","L","Grass","hem",498.411,0.547872031,1.226911189,24.53822378,-24.5226936,1.078797803,5.678758446,113.5751689,-24.38853792,"hem",1771.268288,24.893842
"36","C","G.v.","L","Forb","hem",274.963,0.466552719,0.490474724,12.2618681,-28.0363296,1.075036393,4.079835363,101.9958841,-28.34109215,"hem",958.075168,-12.7202580000008
"36","C","G.v.","L","Forb","hem",274.963,0.466552719,0.490474724,12.2618681,-28.0363296,1.075036393,4.079835363,101.9958841,-28.34109215,"hem",958.075168,-12.7202580000008
"36","C","G.v.","L","Forb","hem",274.963,0.466552719,0.490474724,12.2618681,-28.0363296,1.075036393,4.079835363,101.9958841,-28.34109215,"hem",958.075168,-12.7202580000008
"38","C","P.l.","L","Forb","hem",263.408,0.462343898,0.164034496,-8.20172479,-27.2044216,1.075926991,3.027640294,-151.3820147,-27.47513326,"hem",915.986958,-3.81427800000056
"38","C","P.l.","L","Forb","hem",263.408,0.462343898,0.164034496,-8.20172479,-27.2044216,1.075926991,3.027640294,-151.3820147,-27.47513326,"hem",915.986958,-3.81427800000056
"38","C","P.l.","L","Forb","hem",263.408,0.462343898,0.164034496,-8.20172479,-27.2044216,1.075926991,3.027640294,-151.3820147,-27.47513326,"hem",915.986958,-3.81427800000056
"40","C","R.a.","L","Forb","hem",204.414,0.44085023,0.306035268,7.650881704,-28.2856976,1.074769429,3.662662896,91.56657239,-28.67979053,"hem",701.050278,-15.389898
"40","C","R.a.","L","Forb","hem",204.414,0.44085023,0.306035268,7.650881704,-28.2856976,1.074769429,3.662662896,91.56657239,-28.67979053,"hem",701.050278,-15.389898
"40","C","R.a.","L","Forb","hem",204.414,0.44085023,0.306035268,7.650881704,-28.2856976,1.074769429,3.662662896,91.56657239,-28.67979053,"hem",701.050278,-15.389898
"41","C","M.a.","L","Legumes","hem",271.785,0.465395192,1.356358908,19.37655583,-25.5876176,1.077657813,7.107621057,101.5374437,-25.56399392,"hem",946.499898,13.4939420000002
"41","C","M.a.","L","Legumes","hem",271.785,0.465395192,1.356358908,19.37655583,-25.5876176,1.077657813,7.107621057,101.5374437,-25.56399392,"hem",946.499898,13.4939420000002
"41","C","M.a.","L","Legumes","hem",271.785,0.465395192,1.356358908,19.37655583,-25.5876176,1.077657813,7.107621057,101.5374437,-25.56399392,"hem",946.499898,13.4939420000002
"42","C","T.p.","L","Legumes","hem",361.178,0.49794465,0.967412774,12.09265968,-23.4107576,1.079988091,5.545851385,69.32314231,-23.16397315,"hem",1271.994478,36.7967219999987
"42","C","T.p.","L","Legumes","hem",361.178,0.49794465,0.967412774,12.09265968,-23.4107576,1.079988091,5.545851385,69.32314231,-23.16397315,"hem",1271.994478,36.7967219999987
"42","C","T.p.","L","Legumes","hem",361.178,0.49794465,0.967412774,12.09265968,-23.4107576,1.079988091,5.545851385,69.32314231,-23.16397315,"hem",1271.994478,36.7967219999987
"43","C","L.c.","L","Legumes","hem",179.186,0.431655915,1.843197376,0.270263545,-25.8001936,1.07743025,9.525978261,1.396771006,-25.79594763,"hem",609.107128,11.2183119999987
"43","C","L.c.","L","Legumes","hem",179.186,0.431655915,1.843197376,0.270263545,-25.8001936,1.07743025,9.525978261,1.396771006,-25.79594763,"hem",609.107128,11.2183119999987
"43","C","L.c.","L","Legumes","hem",179.186,0.431655915,1.843197376,0.270263545,-25.8001936,1.07743025,9.525978261,1.396771006,-25.79594763,"hem",609.107128,11.2183119999987
"44","C","M.s.","L","Legumes","hem",580.511,0.577717271,0.090651959,-1.295027988,-26.5176376,1.076662215,2.33715829,-33.38797557,-26.68722606,"hem",2069.720688,3.53796199999978
"44","C","M.s.","L","Legumes","hem",580.511,0.577717271,0.090651959,-1.295027988,-26.5176376,1.076662215,2.33715829,-33.38797557,-26.68722606,"hem",2069.720688,3.53796199999978
"44","C","M.s.","L","Legumes","hem",580.511,0.577717271,0.090651959,-1.295027988,-26.5176376,1.076662215,2.33715829,-33.38797557,-26.68722606,"hem",2069.720688,3.53796199999978
"45","C","T.r.","L","Legumes","hem",294.755,0.473760979,1.90825814,17.34780127,-25.9075036,1.077315373,9.097653548,82.70594135,-25.90771361,"hem",1030.157768,10.0695419999997
"45","C","T.r.","L","Legumes","hem",294.755,0.473760979,1.90825814,17.34780127,-25.9075036,1.077315373,9.097653548,82.70594135,-25.90771361,"hem",1030.157768,10.0695419999997
"45","C","T.r.","L","Legumes","hem",294.755,0.473760979,1.90825814,17.34780127,-25.9075036,1.077315373,9.097653548,82.70594135,-25.90771361,"hem",1030.157768,10.0695419999997
"46","C",NA,"T","Temoins","hem",11.317,0.370432983,0.540166381,10.80332762,-26.7179496,1.076447776,5.268794195,105.3758839,-26.79763288,"hem",-3.12219200000019,1.39357199999912
"46","C",NA,"T","Temoins","hem",11.317,0.370432983,0.540166381,10.80332762,-26.7179496,1.076447776,5.268794195,105.3758839,-26.79763288,"hem",-3.12219200000019,1.39357199999912
"46","C",NA,"T","Temoins","hem",11.317,0.370432983,0.540166381,10.80332762,-26.7179496,1.076447776,5.268794195,105.3758839,-26.79763288,"hem",-3.12219200000019,1.39357199999912
